"folio","ar_num","sin_punt"
"1001","91",""
"1002","","1"
"1003","7",""
"1004","10",""
"1005","34",""
"1006","2",""
"1007","","1"
"1008","8",""
"1009","9",""
"1010","10",""
"1011","9",""
"2001","","1"
"2002","2",""
"2003","","1"
"2004","2",""
"2005","","1"
"2006","","1"
"3001","","1"
"3002","","1"
"3003","2",""
"3008","","1"
"3009","","1"
"4001","",""
"4002","1",""
"4003","","1"
"4004","",""
"4005","",""
"4006","",""
"4007","",""
"4008","",""
"4009","",""
"4010","",""
"4011","",""
"4012","",""
"5001","",""
"5002","","1"
"5003","1",""
"5004","1",""
"5005","1",""
"5006","1",""
"5007","1",""
"5008","",""
"5009","3",""
"5010","1",""
"5011","","1"
"5012","",""
"5013","",""
"5014","",""
"5015","",""
"5016","",""
"5017","1",""
"5018","1",""
"5019","1",""
"5020","4",""
"5021","1",""
"5022","1",""
"5023","1",""
"5024","3",""
"5025","","1"
"5026","","1"
"5027","1",""
"5028","1",""
"5029","","1"
"5030","","1"
"5031","1",""
"5032","4",""
"5033","5",""
"5034","",""
"5035","","1"
"5036","1",""
"5037","1",""
"5038","1",""
"6001","1",""
"6002","","1"
"6003","","1"
"6004","","1"
"6005","1",""
"6006","","1"
"6007","","1"
"6008","","1"
"6009","","1"
"6010","","1"
"7001","1",""
"7002","17",""
"7003","2",""
"7004","3",""
"7005","4",""
"7006","1",""
"7007","2",""
"7008","4",""
"7009","4",""
"7010","1",""
"7011","1",""
"7012","2",""
"7013","1",""
"7014","1",""
"7015","5",""
"7016","1",""
"7017","2",""
"7018","1",""
"7019","1",""
"7020","1",""
"7021","1",""
"7022","1",""
"7023","1",""
"7024","1",""
"7025","3",""
"7026","1",""
"7027","4",""
"7028","3",""
"7029","2",""
"7030","1",""
"7031","6",""
"7032","2",""
"7033","1",""
"7034","3",""
"7035","2",""
"7036","1",""
"7037","2",""
"7038","1",""
"7039","1",""
"7040","3",""
"7041","1",""
"7042","1",""
"7043","1",""
"7044","3",""
"7045","8",""
"7046","1",""
"7047","3",""
"7048","2",""
"7049","1",""
"7050","1",""
"7051","8",""
"7052","1",""
"7053","1",""
"7054","1",""
"7055","1",""
"7056","1",""
"7057","7",""
"7058","4",""
"7059","7",""
"7060","3",""
"7061","3",""
"7062","1",""
"7063","1",""
"7064","1",""
"7065","","1"
"7066","3",""
"7067","1",""
"7068","3",""
"7069","1",""
"7070","",""
"7071","2",""
"7072","1",""
"7073","2",""
"7074","","1"
"7075","2",""
"7076","1",""
"7077","1",""
"7078","1",""
"7079","1",""
"7080","4",""
"7081","8",""
"7082","1",""
"7083","2",""
"7084","2",""
"7085","2",""
"7086","2",""
"7087","3",""
"7088","2",""
"7089","20",""
"7090","3",""
"7091","1",""
"7092","2",""
"7093","1",""
"7094","3",""
"7096","2",""
"7097","","1"
"7098","5",""
"7099","1",""
"7100","1",""
"7101","6",""
"7102","1",""
"7103","4",""
"7104","1",""
"7105","2",""
"7106","7",""
"7107","1",""
"7108","4",""
"7109","1",""
"7110","4",""
"7111","1",""
"7112","2",""
"7113","1",""
"7114","",""
"7115","1",""
"7116","",""
"7117","1",""
"7118","1",""
"7119","1",""
"7120","3",""
"7121","3",""
"7122","3",""
"7123","4",""
"7124","1",""
"7125","",""
"8001","","1"
"8002","","1"
"8003","","1"
"8004","","1"
"8005","","1"
"8006","","1"
"8007","","1"
"8008","","1"
"8009","","1"
"8010","","1"
"8011","","1"
"8012","1",""
"8013","","1"
"8014","","1"
"8015","3",""
"8016","","1"
"8017","2",""
"8018","","1"
"8019","2",""
"8020","","1"
"8021","7",""
"8022","",""
"8023","2",""
"8024","","1"
"8025","","1"
"8026","","1"
"8027","1",""
"8028","","1"
"8029","1",""
"8030","","1"
"8031","","1"
"8032","","1"
"8033","","1"
"8034","","1"
"8035","","1"
"8036","","1"
"8037","","1"
"8038","1",""
"8039","","1"
"8040","","1"
"8041","","1"
"8042","",""
"8043","","1"
"8044","","1"
"8045","","1"
"8046","","1"
"8047","","1"
"8048","2",""
"8049","","1"
"8050","","1"
"8051","","1"
"8052","","1"
"8053","","1"
"8054","","1"
"8055","","1"
"8056","",""
"8057","","1"
"8058","1",""
"8059","","1"
"8060","","1"
"8061","","1"
"8062","1",""
"8063","","1"
"8064","",""
"8065","","1"
"8066","","1"
"8067","",""
"9002","3",""
"9003","4",""
"9004","1",""
"9005","7",""
"9006","4",""
"9007","8",""
"9008","4",""
"9009","2",""
"9010","3",""
"9011","4",""
"9012","2",""
"9013","5",""
"9014","5",""
"9015","2",""
"9016","3",""
"9017","8",""
"10001","","1"
"10002","1",""
"10003","","1"
"10004","","1"
"10005","","1"
"10006","","1"
"10007","","1"
"10008","","1"
"10009","2",""
"10010","","1"
"10011","","1"
"10012","","1"
"10013","3",""
"10014","","1"
"10015","","1"
"10016","","1"
"10017","","1"
"10018","","1"
"10019","","1"
"10020","","1"
"10021","","1"
"10022","","1"
"10023","3",""
"10024","","1"
"10025","","1"
"10026","","1"
"10027","2",""
"10028","","1"
"10029","","1"
"10030","","1"
"10031","","1"
"10032","","1"
"10033","","1"
"10034","3",""
"10035","","1"
"10036","","1"
"10037","5",""
"10038","","1"
"10039","","1"
"11001","","1"
"11002","","1"
"11003","1",""
"11004","1",""
"11005","1",""
"11006","3",""
"11007","4",""
"11008","","1"
"11009","","1"
"11010","","1"
"11011","","1"
"11012","1",""
"11013","","1"
"11014","","1"
"11015","1",""
"11016","","1"
"11017","6",""
"11018","2",""
"11019","5",""
"11020","","1"
"11021","","1"
"11022","","1"
"11023","4",""
"11024","3",""
"11025","","1"
"11026","","1"
"11027","","1"
"11028","2",""
"11029","1",""
"11030","","1"
"11031","","1"
"11032","","1"
"11033","","1"
"11034","1",""
"11035","2",""
"11036","1",""
"11037","7",""
"11038","","1"
"11039","","1"
"11040","","1"
"11041","","1"
"11042","","1"
"11043","","1"
"11044","1",""
"11045","2",""
"11046","",""
"12001","5",""
"12002","1",""
"12003","7",""
"12004","1",""
"12005","1",""
"12006","1",""
"12007","1",""
"12008","",""
"12009","1",""
"12010","","1"
"12011","2",""
"12012","2",""
"12013","","1"
"12014","2",""
"12015","2",""
"12016","2",""
"12017","3",""
"12018","5",""
"12019","2",""
"12020","","1"
"12021","1",""
"12022","1",""
"12023","2",""
"12024","3",""
"12025","1",""
"12026","1",""
"12027","2",""
"12028","1",""
"12029","9",""
"12030","1",""
"12031","2",""
"12032","1",""
"12033","1",""
"12034","1",""
"12035","","1"
"12036","4",""
"12037","2",""
"12038","2",""
"12039","5",""
"12040","10",""
"12041","","1"
"12042","3",""
"12043","1",""
"12044","6",""
"12045","8",""
"12046","13",""
"12047","8",""
"12048","4",""
"12049","4",""
"12050","2",""
"12051","2",""
"12052","2",""
"12053","1",""
"12054","2",""
"12055","3",""
"12056","1",""
"12057","1",""
"12058","3",""
"12059","11",""
"12060","5",""
"12061","1",""
"12062","3",""
"12063","","1"
"12064","10",""
"12065","",""
"12066","4",""
"12067","12",""
"12068","6",""
"12069","1",""
"12070","","1"
"12071","6",""
"12072","1",""
"12073","2",""
"12074","1",""
"12075","4",""
"12076","1",""
"12077","6",""
"12078","1",""
"12079","2",""
"12080","6",""
"12081","1",""
"13001","9",""
"13002","2",""
"13003","2",""
"13004","",""
"13005","7",""
"13006","3",""
"13007","4",""
"13008","2",""
"13009","5",""
"13010","11",""
"13011","2",""
"13012","4",""
"13013","21",""
"13014","7",""
"13015","","1"
"13016","2",""
"13017","","1"
"13018","7",""
"13019","","1"
"13020","9",""
"13021","3",""
"13022","10",""
"13023","2",""
"13024","","1"
"13025","4",""
"13026","1",""
"13027","1",""
"13028","1",""
"13029","6",""
"13030","39",""
"13031","","1"
"13032","1",""
"13033","7",""
"13034","10",""
"13035","10",""
"13036","2",""
"13037","9",""
"13038","","1"
"13039","","1"
"13040","","1"
"13041","10",""
"13042","4",""
"13043","2",""
"13044","5",""
"13045","2",""
"13046","6",""
"13047","1",""
"13048","1",""
"13049","1",""
"13050","8",""
"13051","",""
"13052","15",""
"13053","16",""
"13054","21",""
"13055","","1"
"13056","5",""
"13057","3",""
"13058","3",""
"13059","3",""
"13060","1",""
"13061","10",""
"13062","3",""
"13063","8",""
"13064","3",""
"13065","6",""
"13066","4",""
"13067","26",""
"13068","8",""
"13069","3",""
"13070","4",""
"13071","1",""
"13072","12",""
"13073","10",""
"13074","3",""
"13075","5",""
"13076","23",""
"13077","2",""
"13078","9",""
"13079","","1"
"13080","2",""
"13081","","1"
"13082","10",""
"13083","31",""
"13084","5",""
"14001","","1"
"14002","6",""
"14003","8",""
"14004","3",""
"14005","2",""
"14006","","1"
"14007","4",""
"14008","1",""
"14009","","1"
"14010","8",""
"14011","4",""
"14012","2",""
"14013","2",""
"14014","3",""
"14015","1",""
"14016","4",""
"14017","1",""
"14018","",""
"14019","5",""
"14020","","1"
"14021","7",""
"14022","3",""
"14023","1",""
"14024","19",""
"14025","7",""
"14026","2",""
"14027","2",""
"14028","4",""
"14029","4",""
"14030","1",""
"14031","2",""
"14032","1",""
"14033","2",""
"14034","9",""
"14035","1",""
"14036","5",""
"14037","8",""
"14038","1",""
"14039","13",""
"14040","9",""
"14041","3",""
"14042","2",""
"14043","2",""
"14044","","1"
"14045","7",""
"14046","2",""
"14047","2",""
"14048","3",""
"14049","","1"
"14050","4",""
"14051","5",""
"14052","5",""
"14053","3",""
"14054","8",""
"14055","5",""
"14056","1",""
"14057","","1"
"14058","1",""
"14059","2",""
"14060","1",""
"14061","1",""
"14062","1",""
"14063","1",""
"14064","1",""
"14065","3",""
"14066","3",""
"14067","","1"
"14068","1",""
"14069","5",""
"14070","8",""
"14071","1",""
"14072","1",""
"14073","2",""
"14074","","1"
"14075","2",""
"14076","3",""
"14077","17",""
"14078","","1"
"14079","1",""
"14080","","1"
"14081","1",""
"14082","3",""
"14083","1",""
"14084","","1"
"14085","7",""
"14086","4",""
"14087","1",""
"14088","9",""
"14089","1",""
"14090","","1"
"14091","2",""
"14092","10",""
"14093","6",""
"14094","10",""
"14095","7",""
"14096","6",""
"14097","",""
"14098","10",""
"14099","1",""
"14100","4",""
"14101","","1"
"14102","1",""
"14103","4",""
"14104","1",""
"14105","1",""
"14106","2",""
"14107","","1"
"14108","14",""
"14109","3",""
"14110","3",""
"14111","","1"
"14112","7",""
"14113","11",""
"14114","8",""
"14115","1",""
"14116","","1"
"14117","1",""
"14118","10",""
"14119","1",""
"14120","","1"
"14121","4",""
"14122","5",""
"14123","14",""
"14124","6",""
"14125","1",""
"15001","1",""
"15002","6",""
"15003","2",""
"15004","5",""
"15005","","1"
"15006","3",""
"15007","1",""
"15008","9",""
"15009","1",""
"15010","13",""
"15011","8",""
"15012","2",""
"15013","7",""
"15014","","1"
"15015","12",""
"15016","10",""
"15017","3",""
"15018","",""
"15019","",""
"15020","21",""
"15021","2",""
"15022","1",""
"15023","9",""
"15024","28",""
"15025","11",""
"15026","6",""
"15027","5",""
"15028","4",""
"15029","5",""
"15030","3",""
"15031","20",""
"15032","3",""
"15033","27",""
"15034","1",""
"15035","4",""
"15036","17",""
"15037","5",""
"15038","1",""
"15039","15",""
"15040","","1"
"15041","1",""
"15042","2",""
"15043","","1"
"15044","2",""
"15045","12",""
"15046","",""
"15047","","1"
"15048","1",""
"15049","4",""
"15050","3",""
"15051","1",""
"15052","1",""
"15053","2",""
"15054","4",""
"15055","2",""
"15056","1",""
"15057","16",""
"15058","10",""
"15059","5",""
"15060","6",""
"15061","16",""
"15062","2",""
"15063","4",""
"15064","8",""
"15065","15",""
"15066","7",""
"15067","1",""
"15068","3",""
"15069","1",""
"15070","3",""
"15071","4",""
"15072","2",""
"15073","4",""
"15074","","1"
"15075","2",""
"15076","2",""
"15077","4",""
"15078","3",""
"15079","","1"
"15080","1",""
"15081","7",""
"15082","2",""
"15083","3",""
"15084","20",""
"15085","2",""
"15086","6",""
"15087","5",""
"15088","2",""
"15089","6",""
"15090","2",""
"15091","9",""
"15092","1",""
"15093","4",""
"15094","2",""
"15095","3",""
"15096","4",""
"15097","",""
"15098","2",""
"15099","2",""
"15100","4",""
"15101","","1"
"15102","","1"
"15103","2",""
"15104","67",""
"15105","","1"
"15106","4",""
"15107","4",""
"15108","2",""
"15109","40",""
"15110","4",""
"15111","","1"
"15112","1",""
"15113","4",""
"15114","5",""
"15115","11",""
"15116","1",""
"15117","3",""
"15118","10",""
"15119","",""
"15120","11",""
"15121","15",""
"15122","5",""
"15123","1",""
"15124","3",""
"15125","1",""
"16001","4",""
"16002","2",""
"16003","3",""
"16004","1",""
"16005","8",""
"16006","8",""
"16007","2",""
"16008","3",""
"16009","4",""
"16010","1",""
"16011","4",""
"16012","1",""
"16013","","1"
"16014","2",""
"16015","2",""
"16016","1",""
"16017","2",""
"16018","4",""
"16019","1",""
"16020","6",""
"16021","4",""
"16022","8",""
"16023","1",""
"16024","6",""
"16025","4",""
"16026","1",""
"16027","3",""
"16028","1",""
"16029","1",""
"16030","4",""
"16031","3",""
"16032","1",""
"16033","1",""
"16034","1",""
"16035","","1"
"16036","3",""
"16037","1",""
"16038","1",""
"16039","1",""
"16040","3",""
"16041","9",""
"16042","4",""
"16043","5",""
"16044","10",""
"16045","4",""
"16046","1",""
"16047","2",""
"16048","1",""
"16049","3",""
"16050","8",""
"16051","5",""
"16052","4",""
"16053","9",""
"16054","2",""
"16055","1",""
"16056","1",""
"16057","","1"
"16058","1",""
"16059","1",""
"16060","2",""
"16061","9",""
"16062","2",""
"16063","9",""
"16064","1",""
"16065","1",""
"16066","1",""
"16067","3",""
"16068","4",""
"16069","13",""
"16070","8",""
"16071","5",""
"16072","4",""
"16073","1",""
"16074","1",""
"16075","4",""
"16076","","1"
"16077","3",""
"16078","1",""
"16079","8",""
"16080","1",""
"16081","1",""
"16082","2",""
"16083","4",""
"16084","1",""
"16085","2",""
"16086","16",""
"16087","8",""
"16088","14",""
"16089","10",""
"16090","1",""
"16091","2",""
"16092","2",""
"16093","6",""
"16094","2",""
"16095","1",""
"16096","1",""
"16097","2",""
"16098","1",""
"16099","1",""
"16100","3",""
"16101","1",""
"16102","2",""
"16103","2",""
"16104","4",""
"16105","1",""
"16106","12",""
"16107","","1"
"16108","1",""
"16109","2",""
"16110","3",""
"16111","2",""
"16112","2",""
"16113","1",""
"17001","6",""
"17002","6",""
"17003","8",""
"17004","5",""
"17005","1",""
"17006","","1"
"17007","",""
"17008","2",""
"17009","",""
"17010","10",""
"17011","","1"
"17012","5",""
"17013","6",""
"17014","11",""
"17015","3",""
"17016","3",""
"17017","","1"
"17018","1",""
"17019","3",""
"17020","1",""
"17021","2",""
"17022","1",""
"17023","1",""
"17024","3",""
"17025","1",""
"17026","6",""
"17027","1",""
"17028","2",""
"17029","4",""
"17030","5",""
"17031","1",""
"17032","","1"
"17033","8",""
"17034","",""
"17035","","1"
"17036","",""
"18001","","1"
"18002","","1"
"18003","2",""
"18004","","1"
"18005","","1"
"18006","","1"
"18007","","1"
"18008","","1"
"18009","","1"
"18010","","1"
"18011","","1"
"18012","1",""
"18013","","1"
"18014","","1"
"18015","","1"
"18016","1",""
"18017","2",""
"18018","","1"
"18019","2",""
"18020","","1"
"19001","","1"
"19002","","1"
"19003","",""
"19004","","1"
"19005","","1"
"19006","","1"
"19007","","1"
"19008","","1"
"19009","","1"
"19010","","1"
"19011","","1"
"19012","","1"
"19013","","1"
"19014","","1"
"19015","",""
"19016","","1"
"19017","","1"
"19018","","1"
"19019","","1"
"19020","","1"
"19021","","1"
"19022","","1"
"19023","","1"
"19024","","1"
"19025","","1"
"19026","","1"
"19027","","1"
"19028","","1"
"19029","","1"
"19030","","1"
"19031","","1"
"19032","","1"
"19033","","1"
"19034","","1"
"19035","","1"
"19036","","1"
"19037","","1"
"19038","","1"
"19039","","1"
"19040","","1"
"19041","","1"
"19042","","1"
"19043","",""
"19044","","1"
"19045","","1"
"19046","","1"
"19047","","1"
"19048","","1"
"19049","","1"
"19050","","1"
"19051","","1"
"20001","1",""
"20002","2",""
"20003","","1"
"20004","",""
"20005","2",""
"20006","","1"
"20007","",""
"20008","",""
"20009","1",""
"20010","2",""
"20011","","1"
"20012","2",""
"20013","",""
"20014","7",""
"20015","",""
"20016","1",""
"20017","",""
"20018","",""
"20019","1",""
"20020","",""
"20021","5",""
"20022","","1"
"20023","",""
"20024","","1"
"20025","1",""
"20026","3",""
"20027","","1"
"20028","3",""
"20029","",""
"20030","","1"
"20031","","1"
"20032","",""
"20033","",""
"20034","",""
"20035","","1"
"20036","",""
"20037","",""
"20038","1",""
"20039","","1"
"20040","",""
"20041","3",""
"20042","","1"
"20043","2",""
"20044","1",""
"20045","",""
"20046","1",""
"20047","",""
"20048","",""
"20049","",""
"20050","",""
"20051","","1"
"20052","",""
"20053","1",""
"20054","",""
"20055","1",""
"20056","",""
"20057","1",""
"20058","1",""
"20059","1",""
"20060","1",""
"20061","",""
"20062","","1"
"20063","","1"
"20064","",""
"20065","1",""
"20066","1",""
"20067","","1"
"20068","","1"
"20069","",""
"20070","3",""
"20071","",""
"20072","",""
"20073","","1"
"20074","1",""
"20075","",""
"20076","","1"
"20077","1",""
"20078","",""
"20079","4",""
"20080","",""
"20081","",""
"20082","1",""
"20083","3",""
"20084","1",""
"20085","2",""
"20086","",""
"20087","1",""
"20088","3",""
"20089","1",""
"20090","1",""
"20091","5",""
"20092","",""
"20093","",""
"20094","",""
"20095","",""
"20096","","1"
"20097","","1"
"20098","",""
"20099","",""
"20100","1",""
"20101","",""
"20102","","1"
"20103","",""
"20104","",""
"20105","","1"
"20106","",""
"20107","2",""
"20108","","1"
"20109","1",""
"20110","",""
"20111","",""
"20112","","1"
"20113","","1"
"20114","",""
"20115","","1"
"20116","","1"
"20117","","1"
"20118","","1"
"20119","",""
"20120","1",""
"20121","",""
"20122","",""
"20123","",""
"20124","1",""
"20125","1",""
"20126","",""
"20127","",""
"20128","","1"
"20129","1",""
"20130","",""
"20131","","1"
"20132","","1"
"20133","","1"
"20134","3",""
"20135","",""
"20136","",""
"20137","","1"
"20138","","1"
"20139","1",""
"20140","",""
"20141","",""
"20142","",""
"20143","",""
"20144","",""
"20145","","1"
"20146","",""
"20147","",""
"20148","",""
"20149","","1"
"20150","1",""
"20151","",""
"20152","",""
"20153","1",""
"20154","",""
"20155","","1"
"20156","",""
"20157","1",""
"20158","",""
"20159","","1"
"20160","",""
"20161","",""
"20162","",""
"20163","",""
"20164","1",""
"20165","",""
"20166","",""
"20167","",""
"20168","",""
"20169","",""
"20170","",""
"20171","",""
"20172","",""
"20173","3",""
"20174","2",""
"20175","",""
"20176","1",""
"20177","1",""
"20178","",""
"20179","",""
"20180","7",""
"20181","","1"
"20182","",""
"20183","",""
"20184","4",""
"20185","3",""
"20186","",""
"20187","",""
"20188","4",""
"20189","",""
"20190","1",""
"20191","","1"
"20192","","1"
"20193","",""
"20194","","1"
"20195","",""
"20196","1",""
"20197","","1"
"20198","1",""
"20199","",""
"20200","1",""
"20201","1",""
"20202","",""
"20203","",""
"20204","",""
"20205","",""
"20206","","1"
"20207","",""
"20208","","1"
"20209","1",""
"20210","",""
"20211","1",""
"20212","",""
"20213","","1"
"20214","1",""
"20215","",""
"20216","","1"
"20217","",""
"20218","",""
"20219","","1"
"20220","",""
"20221","",""
"20222","1",""
"20223","1",""
"20224","",""
"20225","1",""
"20226","","1"
"20227","","1"
"20228","",""
"20229","",""
"20230","",""
"20231","",""
"20232","4",""
"20233","","1"
"20234","",""
"20235","",""
"20236","",""
"20237","","1"
"20238","",""
"20239","",""
"20240","",""
"20241","",""
"20242","1",""
"20243","",""
"20244","1",""
"20245","",""
"20246","1",""
"20247","","1"
"20248","",""
"20249","3",""
"20250","","1"
"20251","",""
"20252","",""
"20253","",""
"20254","",""
"20255","","1"
"20256","",""
"20257","",""
"20258","",""
"20259","","1"
"20260","","1"
"20261","",""
"20262","",""
"20263","","1"
"20264","",""
"20265","",""
"20266","",""
"20267","",""
"20268","",""
"20269","4",""
"20270","",""
"20271","",""
"20272","10",""
"20273","","1"
"20274","",""
"20275","",""
"20276","","1"
"20277","","1"
"20278","","1"
"20279","",""
"20280","","1"
"20281","",""
"20282","",""
"20283","",""
"20284","","1"
"20285","",""
"20286","","1"
"20287","",""
"20288","",""
"20289","",""
"20290","",""
"20291","",""
"20292","",""
"20293","",""
"20294","",""
"20295","","1"
"20296","","1"
"20297","1",""
"20298","1",""
"20299","","1"
"20300","",""
"20301","","1"
"20302","",""
"20303","","1"
"20304","",""
"20305","1",""
"20306","",""
"20307","",""
"20308","1",""
"20309","4",""
"20310","",""
"20311","",""
"20312","1",""
"20313","",""
"20314","",""
"20315","",""
"20316","1",""
"20317","",""
"20318","","1"
"20319","1",""
"20320","",""
"20321","","1"
"20322","","1"
"20323","",""
"20324","3",""
"20325","","1"
"20326","",""
"20327","1",""
"20328","",""
"20329","",""
"20330","","1"
"20331","",""
"20332","",""
"20333","",""
"20334","2",""
"20335","","1"
"20336","","1"
"20337","","1"
"20338","1",""
"20339","","1"
"20340","2",""
"20341","",""
"20342","1",""
"20343","",""
"20344","",""
"20345","",""
"20346","","1"
"20347","","1"
"20348","1",""
"20349","",""
"20350","","1"
"20351","1",""
"20352","",""
"20353","",""
"20354","",""
"20355","",""
"20356","","1"
"20357","",""
"20358","",""
"20359","","1"
"20360","",""
"20361","1",""
"20362","",""
"20363","","1"
"20364","3",""
"20365","",""
"20366","","1"
"20367","3",""
"20368","",""
"20369","",""
"20370","",""
"20371","","1"
"20372","","1"
"20373","",""
"20374","",""
"20375","2",""
"20376","",""
"20377","","1"
"20378","",""
"20379","","1"
"20380","",""
"20381","",""
"20382","",""
"20383","",""
"20384","1",""
"20385","3",""
"20386","","1"
"20387","",""
"20388","",""
"20389","","1"
"20390","1",""
"20391","",""
"20392","",""
"20393","","1"
"20394","1",""
"20395","",""
"20396","1",""
"20397","7",""
"20398","","1"
"20399","2",""
"20400","",""
"20401","","1"
"20402","",""
"20403","","1"
"20404","",""
"20405","2",""
"20406","",""
"20407","",""
"20408","",""
"20409","2",""
"20410","",""
"20411","",""
"20412","",""
"20413","","1"
"20414","1",""
"20415","",""
"20416","",""
"20417","1",""
"20418","2",""
"20419","","1"
"20420","",""
"20421","1",""
"20422","",""
"20423","",""
"20424","",""
"20425","","1"
"20426","",""
"20427","1",""
"20428","",""
"20429","",""
"20430","",""
"20431","1",""
"20432","2",""
"20433","",""
"20434","",""
"20435","","1"
"20436","",""
"20437","1",""
"20438","1",""
"20439","","1"
"20440","",""
"20441","1",""
"20442","","1"
"20443","",""
"20444","",""
"20445","",""
"20446","",""
"20447","2",""
"20448","",""
"20449","",""
"20450","",""
"20451","","1"
"20452","1",""
"20453","",""
"20454","",""
"20455","",""
"20456","","1"
"20457","1",""
"20458","3",""
"20459","1",""
"20460","1",""
"20461","",""
"20462","1",""
"20463","",""
"20464","",""
"20465","",""
"20466","2",""
"20467","2",""
"20468","",""
"20469","5",""
"20470","",""
"20471","","1"
"20472","",""
"20473","","1"
"20474","1",""
"20475","1",""
"20476","",""
"20477","",""
"20478","",""
"20479","",""
"20480","",""
"20481","1",""
"20482","1",""
"20483","",""
"20484","","1"
"20485","",""
"20486","",""
"20487","",""
"20488","","1"
"20489","",""
"20490","1",""
"20491","",""
"20492","","1"
"20493","",""
"20494","",""
"20495","",""
"20496","",""
"20497","",""
"20498","",""
"20499","1",""
"20500","","1"
"20501","",""
"20502","",""
"20503","","1"
"20504","1",""
"20505","","1"
"20506","","1"
"20507","2",""
"20508","",""
"20509","","1"
"20510","",""
"20511","",""
"20512","1",""
"20513","1",""
"20514","1",""
"20515","5",""
"20516","","1"
"20517","","1"
"20518","",""
"20519","","1"
"20520","","1"
"20521","",""
"20522","","1"
"20523","","1"
"20524","1",""
"20525","",""
"20526","","1"
"20527","",""
"20528","","1"
"20529","",""
"20530","",""
"20531","","1"
"20532","",""
"20533","",""
"20534","",""
"20535","",""
"20536","3",""
"20537","","1"
"20538","",""
"20539","",""
"20540","1",""
"20541","1",""
"20542","",""
"20543","","1"
"20544","",""
"20545","3",""
"20546","","1"
"20547","",""
"20548","",""
"20549","1",""
"20550","","1"
"20551","","1"
"20552","",""
"20553","","1"
"20554","1",""
"20555","1",""
"20556","",""
"20557","",""
"20558","","1"
"20559","1",""
"20560","","1"
"20561","",""
"20562","","1"
"20563","",""
"20564","",""
"20565","","1"
"20566","1",""
"20567","",""
"20568","",""
"20569","",""
"20570","1",""
"21001","2",""
"21002","2",""
"21003","1",""
"21004","1",""
"21005","3",""
"21006","1",""
"21007","",""
"21008","2",""
"21009","",""
"21010","7",""
"21011","1",""
"21012","1",""
"21013","1",""
"21014","3",""
"21015","1",""
"21016","3",""
"21017","1",""
"21018","1",""
"21019","1",""
"21020","1",""
"21021","1",""
"21022","4",""
"21023","4",""
"21024","",""
"21025","5",""
"21026","2",""
"21027","2",""
"21028","3",""
"21029","1",""
"21030","2",""
"21031","1",""
"21032","1",""
"21033","7",""
"21034","","1"
"21035","1",""
"21036","1",""
"21037","","1"
"21038","1",""
"21039","4",""
"21040","","1"
"21041","3",""
"21042","",""
"21043","","1"
"21044","","1"
"21045","1",""
"21046","2",""
"21047","2",""
"21048","1",""
"21049","2",""
"21050","6",""
"21051","1",""
"21052","1",""
"21053","3",""
"21054","2",""
"21055","",""
"21056","",""
"21057","","1"
"21058","1",""
"21059","1",""
"21060","1",""
"21061","",""
"21062","","1"
"21063","4",""
"21064","3",""
"21065","1",""
"21066","",""
"21067","1",""
"21068","8",""
"21069","1",""
"21070","5",""
"21071","3",""
"21072","2",""
"21073","","1"
"21074","1",""
"21075","6",""
"21076","5",""
"21077","3",""
"21078","1",""
"21079","3",""
"21080","2",""
"21081","1",""
"21082","2",""
"21083","2",""
"21084","7",""
"21085","","1"
"21086","1",""
"21087","1",""
"21088","4",""
"21089","2",""
"21090","1",""
"21091","1",""
"21092","1",""
"21093","4",""
"21094","3",""
"21095","2",""
"21096","","1"
"21097","1",""
"21098","2",""
"21099","1",""
"21100","1",""
"21101","1",""
"21102","5",""
"21103","",""
"21104","7",""
"21105","4",""
"21106","5",""
"21107","10",""
"21108","5",""
"21109","2",""
"21110","4",""
"21111","3",""
"21112","",""
"21113","1",""
"21114","7",""
"21115","1",""
"21116","1",""
"21117","1",""
"21118","","1"
"21119","3",""
"21120","",""
"21121","1",""
"21122","","1"
"21123","2",""
"21124","1",""
"21125","1",""
"21126","2",""
"21127","",""
"21128","","1"
"21129","2",""
"21130","1",""
"21131","1",""
"21132","","1"
"21133","1",""
"21134","3",""
"21135","2",""
"21136","1",""
"21137","1",""
"21138","1",""
"21139","","1"
"21140","1",""
"21141","1",""
"21142","","1"
"21143","1",""
"21144","1",""
"21145","","1"
"21146","1",""
"21147","1",""
"21148","6",""
"21149","1",""
"21150","1",""
"21151","2",""
"21152","1",""
"21153","4",""
"21154","1",""
"21155","1",""
"21156","1",""
"21157","1",""
"21158","6",""
"21159","3",""
"21160","1",""
"21161","1",""
"21162","4",""
"21163","","1"
"21164","1",""
"21165","2",""
"21166","1",""
"21167","2",""
"21168","","1"
"21169","2",""
"21170","","1"
"21171","1",""
"21172","6",""
"21173","4",""
"21174","3",""
"21175","7",""
"21176","1",""
"21177","2",""
"21178","4",""
"21179","2",""
"21180","","1"
"21181","2",""
"21182","1",""
"21183","","1"
"21184","3",""
"21185","1",""
"21186","4",""
"21187","7",""
"21188","6",""
"21189","1",""
"21190","",""
"21191","2",""
"21192","","1"
"21193","3",""
"21194","1",""
"21195","9",""
"21196","",""
"21197","2",""
"21198","1",""
"21199","1",""
"21200","2",""
"21201","1",""
"21202","2",""
"21203","1",""
"21204","8",""
"21205","2",""
"21206","1",""
"21207","2",""
"21208","","1"
"21209","1",""
"21210","3",""
"21211","5",""
"21212","1",""
"21213","",""
"21214","2",""
"21215","8",""
"21216","6",""
"21217","2",""
"22001","6",""
"22002","4",""
"22003","","1"
"22004","5",""
"22005","4",""
"22006","","1"
"22007","10",""
"22008","","1"
"22009","","1"
"22010","","1"
"22011","10",""
"22012","23",""
"22013","5",""
"22014","",""
"22015","","1"
"22016","5",""
"22017","5",""
"22018","","1"
"23001","1",""
"23002","","1"
"23003","","1"
"23004","","1"
"23005","","1"
"23006","",""
"23007","","1"
"23008","","1"
"23009","","1"
"23010","","1"
"23011","","1"
"24001","5",""
"24002","1",""
"24003","4",""
"24004","","1"
"24005","","1"
"24006","","1"
"24007","3",""
"24008","1",""
"24009","1",""
"24010","1",""
"24011","","1"
"24012","1",""
"24013","","1"
"24014","","1"
"24015","2",""
"24016","3",""
"24017","","1"
"24018","3",""
"24019","",""
"24020","3",""
"24021","1",""
"24022","3",""
"24023","1",""
"24024","","1"
"24025","2",""
"24026","","1"
"24027","","1"
"24028","3",""
"24029","1",""
"24030","1",""
"24031","1",""
"24032","1",""
"24033","2",""
"24034","1",""
"24035","13",""
"24036","","1"
"24037","38",""
"24038","1",""
"24039","","1"
"24040","3",""
"24041","1",""
"24042","1",""
"24043","1",""
"24044","1",""
"24045","2",""
"24046","6",""
"24047","",""
"24048","1",""
"24049","1",""
"24050","6",""
"24051","4",""
"24052","","1"
"24053","1",""
"24054","10",""
"24055","4",""
"24056","1",""
"24057","14",""
"24058","","1"
"25001","49",""
"25002","7",""
"25003","4",""
"25004","","1"
"25005","","1"
"25006","","1"
"25007","","1"
"25008","2",""
"25009","","1"
"25010","19",""
"25011","42",""
"25012","","1"
"25013","","1"
"25014","","1"
"25015","3",""
"25016","2",""
"25017","5",""
"25018","24",""
"26001","1",""
"26002","2",""
"26003","","1"
"26004","1",""
"26005","1",""
"26006","1",""
"26007","1",""
"26008","1",""
"26009","1",""
"26010","1",""
"26011","2",""
"26012","7",""
"26013","2",""
"26014","5",""
"26015","1",""
"26016","1",""
"26017","4",""
"26018","18",""
"26019","5",""
"26020","1",""
"26021","5",""
"26022","1",""
"26023","6",""
"26024","1",""
"26025","","1"
"26026","15",""
"26027","4",""
"26028","1",""
"26029","1",""
"26030","1",""
"26031","1",""
"26032","1",""
"26033","6",""
"26034","1",""
"26035","1",""
"26036","","1"
"26037","1",""
"26038","2",""
"26039","1",""
"26040","3",""
"26041","1",""
"26042","","1"
"26043","","1"
"26044","1",""
"26045","3",""
"26046","1",""
"26047","1",""
"26048","1",""
"26049","5",""
"26050","2",""
"26051","1",""
"26052","8",""
"26053","1",""
"26054","1",""
"26055","","1"
"26056","3",""
"26057","4",""
"26058","1",""
"26059","1",""
"26060","1",""
"26061","1",""
"26062","1",""
"26063","1",""
"26064","1",""
"26065","1",""
"26066","5",""
"26067","1",""
"26068","4",""
"26069","1",""
"26070","1",""
"26071","2",""
"26072","1",""
"27001","5",""
"27002","10",""
"27003","7",""
"27004","101",""
"27005","5",""
"27006","4",""
"27007","4",""
"27008","11",""
"27009","10",""
"27010","4",""
"27011","4",""
"27012","17",""
"27013","6",""
"27014","5",""
"27015","10",""
"27016","","1"
"27017","4",""
"28001","1",""
"28002","1",""
"28003","2",""
"28004","1",""
"28005","2",""
"28006","3",""
"28007","1",""
"28008","1",""
"28009","3",""
"28010","4",""
"28011","",""
"28012","2",""
"28013","",""
"28014","2",""
"28015","1",""
"28016","1",""
"28017","1",""
"28018","2",""
"28019","1",""
"28020","1",""
"28021","3",""
"28022","1",""
"28023","1",""
"28024","1",""
"28025","","1"
"28026","1",""
"28027","8",""
"28028","1",""
"28029","8",""
"28030","1",""
"28031","1",""
"28032","1",""
"28033","10",""
"28034","1",""
"28035","3",""
"28036","",""
"28037","1",""
"28038","4",""
"28039","1",""
"28040","11",""
"28041","","1"
"28042","1",""
"28043","1",""
"29001","6",""
"29002","5",""
"29003","10",""
"29004","2",""
"29005","10",""
"29006","13",""
"29007","2",""
"29008","8",""
"29009","9",""
"29010","3",""
"29011","2",""
"29012","12",""
"29013","22",""
"29014","17",""
"29015","21",""
"29016","","1"
"29017","","1"
"29018","2",""
"29019","7",""
"29020","1",""
"29021","6",""
"29022","1",""
"29023","11",""
"29024","13",""
"29025","4",""
"29026","19",""
"29027","6",""
"29028","","1"
"29029","","1"
"29030","5",""
"29031","5",""
"29032","11",""
"29033","6",""
"29034","20",""
"29035","","1"
"29036","3",""
"29037","5",""
"29038","9",""
"29039","4",""
"29040","16",""
"29041","7",""
"29042","2",""
"29043","21",""
"29044","2",""
"29045","1",""
"29046","","1"
"29047","3",""
"29048","",""
"29049","5",""
"29050","1",""
"29051","2",""
"29052","13",""
"29053","","1"
"29054","1",""
"29055","6",""
"29056","5",""
"29057","","1"
"29058","","1"
"29059","","1"
"29060","","1"
"30001","4",""
"30002","1",""
"30003","2",""
"30004","2",""
"30005","",""
"30006","5",""
"30007","1",""
"30008","6",""
"30009","3",""
"30010","4",""
"30011","7",""
"30012","",""
"30013","1",""
"30014","4",""
"30015","",""
"30016","9",""
"30017","6",""
"30018","1",""
"30019","","1"
"30020","1",""
"30021","4",""
"30022","5",""
"30023","3",""
"30024","","1"
"30025","3",""
"30026","1",""
"30027","1",""
"30028","",""
"30029","5",""
"30030","1",""
"30031","1",""
"30032","1",""
"30033","5",""
"30034","1",""
"30035","1",""
"30036","1",""
"30037","2",""
"30038","5",""
"30039","11",""
"30040","1",""
"30041","3",""
"30042","11",""
"30043","",""
"30044","9",""
"30045","12",""
"30046","3",""
"30047","14",""
"30048","","1"
"30049","2",""
"30050","2",""
"30051","3",""
"30052","5",""
"30053","1",""
"30054","",""
"30055","1",""
"30056","",""
"30057","4",""
"30058","4",""
"30059","1",""
"30060","2",""
"30061","3",""
"30062","6",""
"30063","5",""
"30064","1",""
"30065","",""
"30066","5",""
"30067","2",""
"30068","4",""
"30069","2",""
"30070","2",""
"30071","1",""
"30072","4",""
"30073","",""
"30074","","1"
"30075","",""
"30076","2",""
"30077","2",""
"30078","1",""
"30079","5",""
"30080","7",""
"30081","1",""
"30082","9",""
"30083","1",""
"30084","1",""
"30085","6",""
"30086","10",""
"30087","1",""
"30088","2",""
"30089","","1"
"30090","",""
"30091","","1"
"30092","6",""
"30093","9",""
"30094","7",""
"30095","","1"
"30096","2",""
"30097","2",""
"30098","",""
"30099","1",""
"30100","","1"
"30101","3",""
"30102","1",""
"30103","5",""
"30104","",""
"30105","1",""
"30106","2",""
"30107","2",""
"30108","1",""
"30109","2",""
"30110","1",""
"30111","",""
"30112","3",""
"30113","6",""
"30114","7",""
"30115","4",""
"30116","",""
"30117","2",""
"30118","6",""
"30119","1",""
"30120","1",""
"30121","2",""
"30122","",""
"30123","1",""
"30124","1",""
"30125","","1"
"30126","1",""
"30127","3",""
"30128","2",""
"30129","2",""
"30130","2",""
"30131","2",""
"30132","4",""
"30133","1",""
"30134","1",""
"30135","20",""
"30136","5",""
"30137","1",""
"30138","9",""
"30139","1",""
"30140","1",""
"30141","3",""
"30142","1",""
"30143","4",""
"30144","2",""
"30145","",""
"30146","1",""
"30147","",""
"30148","3",""
"30149","1",""
"30150","1",""
"30151","","1"
"30152","3",""
"30153","1",""
"30154","1",""
"30155","1",""
"30156","6",""
"30157","","1"
"30158","","1"
"30159","1",""
"30160","1",""
"30161","",""
"30162","1",""
"30163","4",""
"30164","3",""
"30165","3",""
"30166","8",""
"30167","2",""
"30168","1",""
"30169","1",""
"30170","1",""
"30171","",""
"30172","5",""
"30173","6",""
"30174","2",""
"30175","1",""
"30176","",""
"30177","1",""
"30178","1",""
"30179","2",""
"30180","","1"
"30181","5",""
"30182","5",""
"30183","4",""
"30184","1",""
"30185","2",""
"30186","4",""
"30187","3",""
"30188","4",""
"30189","3",""
"30190","",""
"30191","2",""
"30192","1",""
"30193","2",""
"30194","5",""
"30195","",""
"30196","11",""
"30197","1",""
"30198","3",""
"30199","3",""
"30200","6",""
"30201","2",""
"30202","2",""
"30203","1",""
"30204","","1"
"30205","1",""
"30206","1",""
"30207","3",""
"30208","",""
"30209","1",""
"30210","2",""
"30211","8",""
"30212","1",""
"31001","",""
"31002","",""
"31003","",""
"31004","",""
"31005","",""
"31006","",""
"31007","",""
"31008","",""
"31009","",""
"31010","",""
"31011","",""
"31012","",""
"31013","",""
"31014","",""
"31015","",""
"31016","","1"
"31017","",""
"31018","",""
"31019","",""
"31020","",""
"31021","",""
"31022","",""
"31023","",""
"31024","",""
"31025","",""
"31026","",""
"31027","",""
"31028","",""
"31029","",""
"31030","",""
"31031","",""
"31032","",""
"31033","",""
"31034","",""
"31035","",""
"31036","",""
"31037","",""
"31038","",""
"31039","",""
"31040","",""
"31041","",""
"31042","",""
"31043","",""
"31044","",""
"31045","",""
"31046","",""
"31047","",""
"31048","",""
"31049","",""
"31050","",""
"31051","",""
"31052","",""
"31053","",""
"31054","",""
"31055","",""
"31056","",""
"31057","",""
"31058","",""
"31059","",""
"31060","",""
"31061","",""
"31062","",""
"31063","",""
"31064","",""
"31065","",""
"31066","",""
"31067","",""
"31068","",""
"31069","",""
"31070","",""
"31071","",""
"31072","",""
"31073","",""
"31074","",""
"31075","",""
"31076","",""
"31077","",""
"31078","",""
"31079","",""
"31080","",""
"31081","",""
"31082","",""
"31083","",""
"31084","",""
"31085","",""
"31086","",""
"31087","",""
"31088","",""
"31089","",""
"31090","",""
"31091","",""
"31092","",""
"31093","",""
"31094","",""
"31095","",""
"31096","",""
"31097","",""
"31098","",""
"31099","",""
"31100","",""
"31101","","1"
"31102","",""
"31103","",""
"31104","",""
"31105","",""
"31106","",""
"32001","3",""
"32002","4",""
"32003","1",""
"32004","2",""
"32005","2",""
"32006","7",""
"32007","6",""
"32008","4",""
"32009","2",""
"32010","1",""
"32011","2",""
"32012","","1"
"32013","8",""
"32014","3",""
"32015","5",""
"32016","10",""
"32017","4",""
"32018","4",""
"32019","5",""
"32020","8",""
"32021","2",""
"32022","4",""
"32023","10",""
"32024","2",""
"32025","6",""
"32026","30",""
"32027","8",""
"32028","3",""
"32029","3",""
"32030","5",""
"32031","",""
"32032","","1"
"32033","5",""
"32034","7",""
"32035","25",""
"32036","1",""
"32037","10",""
"32038","","1"
"32039","9",""
"32040","","1"
"32041","1",""
"32042","6",""
"32043","2",""
"32044","3",""
"32045","1",""
"32046","6",""
"32047","5",""
"32048","8",""
"32049","13",""
"32050","4",""
"32051","25",""
"32052","10",""
"32053","6",""
"32054","11",""
"32055","4",""
"32056","5",""
"32057","8",""
"32058","","1"
