"id_prgrm","folio","pro_nomb","apl_amag","apl_ragu","apl_medi","apl_amdr","apl_rdre","apl_ctra","apl_rtra","apl_drpl","apl_fhid","apl_otro","apl_oesp","prog_ins","prog_rec","gob_mun","gob_est","gob_fed","gob_extr","org_inte","org_ngna","org_ngex"
"8","17025","AMPLIACION DE RED COLONIA GABRIEL TEPEPA","1","","","","","","","","","","","2","254081","","","","","","",""
"9","15123","PROGRAMA DE CONSIENTIZACION","","","","","","","","","","1","MEJORAMIENTO DE LA EFICIENCIA DEL SISTEMA DE AGUA","2","2000","NA","NA","NA","NA","NA","NA","NA"
"10","14055","INFRAESTRUCTURA PARA EL SANEAMIENTO Y ABASTECIMIENTO DE AGUA","","","","","","","","","","1","PERFORACION DE POZO PROFUNDO","1","","560000","2240000","NA","NA","NA","NA","NA"
"11","27005","PROGRAMA DE AGUA POTABLE, DRENAJE Y TRATAMIENTO (PROAGUA)","1","1","1","1","1","1","1","1","1","","","1","","","1000000","1000000","","","",""
"12","27015","PROGRAMA DE AGUA POTABLE, DRENAJE Y TRATAMIENTO (PROAGUA)","1","1","","","1","","","","","","","1","","","180000","420000","","","",""
"13","27002","PROGRAMA DE AGUA POTABLE, DRENAJE Y TRATAMIENTO (PROAGUA)","1","1","","","1","","","","","","","1","","","2149956","5016964","","","",""
"14","27014","PROGRAMA DE AGUA POTABLE, DRENAJE Y TRATAMIENTO (PROAGUA)","1","1","1","1","1","1","1","1","1","","","1","","","22826096","9503076","","","",""
"15","23005","GIRA DEL AGUA Y PUERTAS ABIERTAS (VIRTUAL)","","","","","","","","","","1","EDUCACIÓN Y FORMACIÓN","2","","","","","","","",""
"16","23008","GIRA DEL AGUA Y PUERTAS ABIERTAS (VIRTUAL)","","","","","","","","","","1","EDUCACION Y FORMACION.","2","","","","","","","",""
"17","11007","PROAGUA","","1","","","","","","","","","","1","","2081486.62","2898998.45","2760775.01","","","",""
"18","22011","PCEA","1","","","","","","","","","","","2","16426783.9","NA","NA","NA","NA","NA","NA","NA"
"20","30174","PROSANEAR","","","","","1","","","","","","","2","628176.9","NA","NA","NA","NA","NA","NA","NA"
"21","27008","PROGRAMA DE AGUA POTABLE, DRENAJE Y TRATAMIENTO (PROAGUA)","1","1","1","1","1","1","1","1","1","","","1","","","26622973","6213603","","","",""
"22","27013","PROGRAMA DE AGUA POTABLE, DRENAJE Y TRATAMIENTO (PROAGUA)","1","1","1","1","1","1","1","1","1","","","1","","","450000","1050000","","","",""
"23","27009","PROGRAMA DE AGUA POTABLE, DRENAJE Y TRATAMIENTO (PROAGUA)","1","1","","","1","","","","","","","1","","","1936605","4518745","","","",""
"24","27016","PROGRAMA DE AGUA POTABLE, DRENAJE Y TRATAMIENTO (PROAGUA)","1","1","","","1","","","","","","","1","","","2588856","4040664","","","",""
"25","27007","PROGRAMA DE AGUA POTABLE, DRENAJE Y TRATAMIENTO (PROAGUA)","1","","","","","","","","","","","1","","","600000","600000","","","",""
"26","8032","EFICIENCIA HIDRO-ENERGETICA Y MEDICION","","1","1","","1","","","","1","","","2","NSS","NA","NA","NA","NA","NA","NA","NA"
"27","20134","CONSTRUCCION DE POZOS PROFUNDOS Y REHABILITACION DEL SISTEMA DE AGUA POTABLE","1","1","","","1","","","","","","","2","20020512.24","","","","","","",""
"28","23008","HUERTOS URBANOS","","","","","","","","","","1","EDUCATIVO Y FORMACION","2","","","","","","","",""
"29","18001","CULTURA DEL AGUA","","","","","","","","","","1","PROGRAMA DE SENCIBILIZACION A LA POBLACION SOBRE EL CUIDADO DEL AGUA","2","1250","1250","","","","","",""
"30","15013","PROGRAMA ANUAL DE OBRAS 2020","1","1","","","1","","","1","1","","","1","","44115461.33","24434429.66","","","","",""
"31","21085","SOSTENIMIENTO DE LA PRODUCCION, MANTENIMIENTO DE REDES, POTABILIZACION Y CONTROL DE DESCARGAS","","1","","","1","","1","","1","","","2","16019885","","","","","","",""
"32","23005","HUERTOS URBANOS","","","","","","","","","","1","EDUCACIÓN Y FORMACIÓN","2","ND","ND","ND","ND","ND","ND","ND","ND"
"33","23005","CELEBRACIONES AMBIENTALES","","","","","","","","","","1","EDUCACIÓN Y FORMACIÓN","1","","ND","ND","ND","ND","ND","ND","ND"
"34","23011","GIRA DEL AGUA Y PUERTAS ABIERTAS (VIRTUAL)","","","","","","","","","","1","EDUCACION Y FORMACION","2","","","","","","","",""
"35","7012","REHABILITACION DE LA RED DE ALCANTARILLADO SANITARIO","","","","1","","","","","","","","2","115200","NA","NA","NA","NA","NA","NA","NA"
"36","7082","AMPLIACION Y REABILITACION DEL SISTEMA DE AGUA POTABLE Y ALCANTARILLADO SITALA","1","1","","1","1","","","","","","","2","1141553.61","NA","NA","NA","NA","NA","NA","NA"
"37","32010","PROSANEAR","","","","1","1","1","1","","","","","1","","6359033.21","","42882373.8","","","",""
"38","7012","AMPLIACION Y REHABILITACION DE LA RED DE AGUA POTABLE","1","1","","","","","","","","","","2","32015","NA","NA","NA","NA","NA","NA","NA"
"39","14096","RAMO 33","1","1","","1","1","","","","","","","1","","","4823844","","","","",""
"40","13034","FAISM","1","1","","1","1","","","","","","","2","3886039.86","","","","","","",""
"41","8006","CONSTRUCCION DE PLANTA DE TRATAMIENTO DE AGUAS RESIDUALES EN SAN BLAS","","","","","","1","","","","","","1","","1000000","554340","1554340","","","",""
"42","31011","AMPLIACION DE RED PUBLICA","1","","","","","","","","","","","2","3000000","","","","","","",""
"43","16003","PROGRAMA DE DEVOLUCION DE DERECHOS","1","1","","","","","","","","","","1","","","","119623","","","",""
"44","32010","PRODDER 2020","1","1","","","","","","","","","","1","","7628170.06","","7250000","","","",""
"45","13028","MEJORAMIENTO DE LA EFICIENCIA COMERCIAL","","","1","","","","","","","","","2","119061","","","","","","",""
"46","32010","PRODI 2020","","1","1","","","","","","","","","1","","3700387.83","","2466925.22","","","",""
"47","30047","PROSANEAR","","","","1","","","","","","","","1","","","","713020","","","",""
"48","16074","AGUA POTABLE Y CONDUCCION DE AGUAS RESIDUALES","1","","","","","","","","","","","2","100000","","","","","","",""
"49","13028","INCREMENTAR COBERTURA","1","1","","","","","","","","","","2","7429921","","","","","","",""
"50","8017","GESTION DE PRESIONES","","1","","","","","","","","","","2","5000000","NA","NA","NA","NA","NA","NA","NA"
"51","31011","REHABILITACION DE TUBERIA DE CONDUCCION","","1","","","","","","","","","","1","","","3500000","6500000","","","",""
"52","22010","APARURAL","1","","","","","","","","","","","1","NA","","3944831.14","5670029.02","","","",""
"53","3003","PROGRAMA DE AGUA POTABLE, ALCANTARILLADO Y TRATAMIENTO (PROAGUA), Y SU APARTADO URBANO (APAUR), APARTADO AGUA LIMPIA, APARTADO PLANTAS DE TRATAMIENTO DE AGUAS RESIDUALES (PTAR)","","","","","","","","","","1","CAPACITACION, ADQUISICION DE EQUIPO Y MATERIAL DE AGUA LIMPIA Y ESTUDIO PARA CONSTRUCCION DE PLANTA DE TRATAMIENTO EN EL PESCADERO","1","NA","670774.95","1125628.35","3133647.75","","","",""
"54","16082","DEVOLUCION DE DERECHOS PRODDER","1","","","","","","","","","","","1","NA","","","1368609","","","",""
"55","16102","PROGRAMA DE DEVOLUCION DE DERECHOS (PRODDER)","1","1","","","","","","","","","","1","NA","","","7568803.44","","","",""
"56","1006","PRODDER","","","","","1","","","","","","","1","NA","","","1009245","","","",""
"57","28013","PLAN DE MEJORAMIENTO EN LA RED","","1","","","","","","","","","","1","NA","","50000","","","","",""
"58","7089","PROGRAMA DE DEVOLUCION DE DERECHOS - CONAGUA","1","1","1","","","","","","1","","","1","NA","","","1416882","","","",""
"59","16068","PRODDER","1","1","","","","","","","","","","1","","","439510","","","","",""
"60","16102","PROGRAMA PARA EL DESARROLLO INTEGRAL DE LOS ORGANISMOS OPERADORES DE AGUA Y SANEAMIENTO (PRODI)","","","1","","","","","","","","","1","NA","3797918.41","","2531945.6","","","",""
"61","11037","PROAGUA (APAUR 2020)","","1","","","","","","","","","","1","","63286800","5054035","5902208","","","",""
"62","3003","FIDEICOMISO FONDO METROPOLITANO 2019","1","","","1","","","","","","","","1","NA","","4115768.79","33735660.34","","","",""
"63","21197","REHABILITACION DE ALCANTARILLADO SANITARIO","","","","","1","","","","","","","1","","","","1450287","","","",""
"64","8053","POZO CHICO","","","","","","","","","","1","REHABILITACION DEL POZO","1","","","","","","","122044",""
"65","23005","CINE EN TU COLONIA","","","","","","","","","","1","EDUCACIÓN Y FORMACIÓN","2","ND","ND","ND","ND","ND","ND","ND","ND"
"66","16034","PROSANEAR","","","","","","","","","","1","CONSTRUCCION DE COLECTORES","1","NA","1115031.9","","3716763","","","",""
"67","24002","PROGRAMA DE ABASTECIMIENTO DE AGUA A TRAVES DE PIPAS","","","","","","","","","1","","","1","NA","88000","NSS","","","","",""
"69","12004","CONSTRUCCION DE LA PLANTA DE TRATAMIENTO","","","","","","1","","","","","","1","NA","NSS","NSS","NSS","NSS","NSS","NSS","NSS"
"70","30047","PRODDER","1","","1","","","","","","","","","1","NA","","","101000","","","",""
"71","2001","CONAGUA - CESPE- APAUR","1","","","","1","","","","","","","1","NA","","21546037.11","20582217","","","",""
"72","7004","REHABILITACION Y MANTENIMIENTO DE AGUA POTABLE Y DRENAJE ALTAMIRANO","1","1","","","1","","","","","","","2","630000","NA","NA","NA","NA","NA","NA","NA"
"73","15058","PROGRAMA DE DEVOLUCIÓN DE DERECHOS (PRODDER 2020)","","1","","","1","","","","","","","1","","17015303.53","","16884166","","","",""
"75","16006","PROSANEAR","","","","1","1","","","","","","","1","NA","2696885","","4037000","","","",""
"76","16043","PROSANEAR","","","","1","1","","","","","","","1","NA","698895.21","","1630755.49","","","",""
"77","16098","PRODDER","1","1","","1","1","","","","","","","1","NA","220000","","712164","","","",""
"78","16102","PROGRAMA DE SANEAMIENTO DE AGUAS RESIDUALES (PROSANEAR)","","","","","1","1","","","","","","1","NA","2084124.51","","3824824.95","","","",""
"79","22001","APTAR","","","","","","","1","","","","","1","NA","","2414391.81","2024927.88","","","",""
"80","22015","APTAR","","","","","","","1","","","","","1","NA","","1056730.34","886296.66","","","",""
"81","8053","POZO NUEVO","1","","","","","","","","","","","1","","","948675","948675","","","948675",""
"82","22003","APARURAL","1","","","","","","","","","","","1","NA","","3474326.28","4246398.79","","","",""
"83","22001","APARURAL","1","","","","","","","","","","","1","NA","","2095848.51","2095848.51","","","",""
"84","24022","CONSTRUCCION DEL SISTEMA REGIONAL DE AGUA POTABLE DEL POZO SAN IGNACIO PARA LAS LOCALIDADES DE CARBONERA DE ARRIBA, LA ADUANA Y SAN GERONIMO","1","","","","","","","","","","","1","NA","3138886.5","","3138886.5","","","",""
"85","17015","AMPLIACION DE RED DE AGUA POTABLE COL CENTRO CALLE  CUAUHTEMOC","1","","","","","","","","","","","1","NA","","","311978","","","",""
"86","17015","AMPLIACION DE RED DE AGUA POTABLE COLONIA LOS LINARES","1","","","","","","","","","","","1","NA","","","522666","","","",""
"87","17015","AMPLIACION DE RED DE AGUA POTABLE CALLE TIKAL Y TEOTENANGO, LOCALIDAD XOCHICALCO","1","","","","","","","","","","","1","NA","","","640739","","","",""
"88","12047","CONSTRUCCION DE LA LINEA DE CONDUCCION DE AGUA POTABLE IXCAPUZALCO","1","","","","","","","","","","","1","NA","4000000","5000000","8000000","NA","NA","NA","NA"
"89","20219","MANTENIMIENTO Y AMPLICACION RED AGUA POTABLE","1","","","","","","","","","","","1","NA","","","1900000","","","980000",""
"90","11003","PROAGUA/APARURAL/FAISM","1","","","","","","","","","","","1","","17169716.16","2375787.3","1098009.71","","","",""
"91","21208","PRODDER","","1","","","","","","","","","","2","1194850","","","","","","",""
"93","30016","PRODDER","","1","1","","","","","","","","","1","NA","361292","NA","361292","NA","NA","NA","NA"
"94","19006","PRODDER 2020","1","","","","","","","","","","","1","","","1709079","1709079","","","",""
"95","19051","PRODDER 2020","1","","","","","","","","","","","1","","","723481.82","723481.82","","","",""
"96","19050","PRODDER 2020","1","","","","","","","","","","","1","","","1893251.82","1893251.82","","","",""
"97","23010","PRODDER","1","1","","","","1","","","","","","1","1999259","NA","599777.7","1399481.3","NA","NA","NA","NA"
"98","15078","FISMDF","1","","","","","","","","","","","1","","","","650000","","","",""
"99","17029","AMPLIACION DE COBERTURA","1","","","","","","","","","","","1","NA","NA","NA","960000","NA","NA","NA","NA"
"100","29043","CONSTRUCCION DE RED DE AGUA POTABLE","1","","","","","","","","","","","1","","","","71255.37","","","",""
"101","25004","CONSTRUCCION DE POZOS PROFUNDOS","1","","","","","","","","","","","1","NA","","","960193.75","","","",""
"102","26026","PROGRAMA DE DEVOLUCION DE DERECHOS","1","","","","","","","","","","","1","NA","","","1108402","","","",""
"103","24022","AMPLIACION DEL SISTEMA REGIONAL DE AGUA POTABLE PARA LAS LOCALIDADES DE LOS RAMIREZ, EL NOVILLO Y SAN IGNACIO","1","","","","","","","","","","","1","NA","NA","NA","19678313.48","NA","NA","NA","NA"
"104","15006","AMPLIACION DE RED HIDRAULICA","1","","","","","","","","","","","1","","200000","1000000","NA","NA","NA","NA","NA"
"105","29031","AMPLIACION DE RED DE AGUA POTABLE","1","","","","","","","","","","","1","","","84655.81","","","","",""
"106","29031","MEJORA DE EQUIPO DEL SISTEMA DE REBOMBEO","","","","","","","","","","1","MEJORA DE EQUIPO DEL SISTEMA DE REBOMBEO","1","","","145348","","","","",""
"107","29031","REHABILITACION DE BOMBA DE AGUA","","","","","","","","","","1","REHABILITACION DE BOMBA DE AGUA","1","","","137912.4","","","","",""
"108","17017","AMPLIACIONES DE RED HIDRAULICA","1","","","","","","","","","","","2","350000","","","","","","",""
"110","17025","AMPLIACION DE RED MIGUEL HIDALGO","1","","","","","","","","","","","2","1288000","","","","","","",""
"111","30014","AMPLIACION DE RED DE AGUA POTABLE","1","","","","","","","","","","","2","NSS","NSS","NA","NA","NA","NA","NA","NA"
"112","8034","AMPLIACION DE LA RED DE AGUA EN EL BARRIO LOMAS DEL VALLE","1","","","","","","","","","","","2","13924","NA","NA","NA","NA","NA","NA","NA"
"113","8061","AMPLIACION DE RED DE AGUA POTABLE EN LA AGUITA","1","","","","","","","","","","","2","370780.2","NA","NA","NA","NA","NA","NA","NA"
"114","8061","AMPLIACION DE RED DE AGUA POTABLE EN CHAMIZAL","1","","","","","","","","","","","2","379322.25","NA","NA","NA","NA","NA","NA","NA"
"115","20084","REHABILITACION DE FILTROS DE AGUA","","","","","","","","","","1","MANTENIMIENTO A LOS FILTROS DE AGUA","2","861354.54","","","","","","",""
"116","22007","PCEA","1","","","","","","","","","","","2","4696427.5","NA","NA","NA","NA","NA","NA","NA"
"117","29026","PRODDER","1","","","","","","","","","","","2","42000","","","","","","",""
"118","21119","AMPLIACION DE RED AGUA POTABLE CALLE 4 ORIENTE CENTRO","1","","","","","","","","","","","2","465000","","","","","","",""
"119","31064","EQUIPAMIENTO DEL SISTEMA DE AGUA POTABLE","1","","","","","","","","","","","2","335135.91","NA","NA","NA","NA","NA","NA","NA"
"120","8050","SECTORIZACION","1","1","1","","1","","","","","","","1","","2750000","NA","2750000","NA","NA","NA","NA"
"121","3003","FONDO DE APORTACIONES PARA EL FORTALECIMIENTO DE LOS MUNICIPIOS Y DE LAS DEMARCACIONES TERRITORIALES DEL DISTRITO FEDERAL (FORTAMUN)","1","","","","","","","","","","","2","5449877.06","NA","NA","NA","NA","NA","NA","NA"
"122","31075","AMPLIACION DE RED DE AGUA","1","","","","","","","","","","","2","1000000","NA","NA","NA","NA","NA","NA","NA"
"123","22017","PROGRAMA DE COMISION ESTATAL DE AGUAS (PCEA)","1","","","","","","","","","","","2","4819428.29","NA","NA","NA","NA","NA","NA","NA"
"124","12003","SISTEMA DE AGUA POTABLE CRUZ VERDE","1","","","","","","","","","","","2","7300000","NA","NA","NA","NA","NA","NA","NA"
"125","29043","REPARACION DE BOMBA SUMERGIBLE","","","","","","","","","","1","REPARACION DE BOMBA SUMERGIBLE","2","49632.92","","","","","","",""
"126","16044","PRODDER","1","1","","","","","","","","","","1","","","","34800","","","",""
"127","31005","AMPLIACION DE RED DE AGUA POTABLE DEL MUNICIPIO","1","","","","","","","","","","","2","1","NA","NA","NA","NA","NA","NA","NA"
"132","18010","PRODDER","","1","","","","","","","","","","1","320992","160496","NA","160496","NA","NA","NA","NA"
"133","15010","SUSTITUCIÓN DE LÍNEA DE CONDUCCIÓN DE POZO PÉREZ A TANQUE  MAESTRO.","","1","","","","","","","","","","1","","10500000","","10500000","","","",""
"134","11005","SECTORIZACION COLONIA EL PEDREGAL","","1","","","","","","","","","","1","","3000000","3000000","","","","",""
"135","13050","PROGRAMA DE DEVOLUCION DE DERECHOS","","1","","","","","","","","","","1","","NA","NA","22887","NA","NA","NA","NA"
"136","20270","REHABILITACION AL SISTEMA DE AGUA POTABLE","","1","","","","","","","","","","2","800000","","","","","","",""
"137","25004","CONSTRUCCION Y REHABILITACION DE RED DE AGUA POTABLE","1","1","","","","1","","","","","","1","NA","","","4635208.91","","","",""
"138","25006","PRODDER","","1","","","","1","","","","","","1","NA","","","28115907","","","",""
"139","16106","PRODDER","","1","","","","","","","","","","1","NA","","","786000","","","",""
"140","15051","AMPLIACION, REHABILITACION Y CONSTRUCCION DE REDES AGUA POTABLE","1","1","1","","","","","","","","","2","1045795","1045795","NA","NA","NA","NA","NA","NA"
"141","19044","PROAGUA 2020","1","","","1","","","","","","","","1","","","4037663.02","3154350.02","","","",""
"142","8021","PROSANEAR","","","","1","1","1","1","","","","","1","","150000000","NA","10000000","NA","NA","NA","NA"
"143","30132","AGUA Y SANEAMINTO (DRENAJE Y ALCANTARILLADO)","","1","","1","1","1","1","","","","","2","3163182.09","NA","NA","NA","NA","NA","NA","NA"
"144","15099","PROAGUA EJERCICIO 2020","","","","","","","","1","1","","","1","","","8730000","5820000","","","",""
"145","15121","PROGRAMA DE DEVOLUCIÓN DE DERECHOS PRODDER","","","","","","","","1","1","","","1","","16179604.9","","15903613.3","","","",""
"146","23004","OBRAS FIFONMETRO ZONA NORTE DE LA CIUDAD DE CHETUMAL Q ROO","1","1","1","","","","","1","","","","1","","NA","NA","260445000","NA","NA","NA","NA"
"147","30085","AMPLIACION Y MEJORAMIENTO DE LA INFRAESTRUCTURA DE ALCANTARILLADO","","","","1","","","","1","","","","2","171995.88","NA","NA","NA","NA","NA","NA","NA"
"148","25001","OBRAS PUBLICAS (ESTATAL)","","","","","","","","","","1","CONSTRUCCION DE LA RED DE ALCANTARILLADO SANITARIO, DESCARGAS Y REGISTROS","1","NA","","14523017.2304","","","","",""
"150","23008","CINE EN TU COLONIA","","","","","","","","","","1","EDUCACION Y FORMACION","2","","","","","","","",""
"151","23008","CELEBRACIONES AMBIENTALES","","","","","","","","","","1","EDUCATIVO Y FORMACION","2","","","","","","","",""
"152","23008","RALLY DEL AGUA - VIRTUAL","","","","","","","","","","1","EDUCACION Y FORMACION.","2","250000","","","","","","",""
"153","5018","PRODDER","","1","1","","1","","","","","","","1","","","","14126510","","","",""
"154","12033","RAMO 33","","1","","","1","","","","","","","2","NSS","NA","NA","NA","NA","NA","NA","NA"
"155","20451","REABILITACION DE PLANTA DE TRATAMIENTO DE AGUA RESIDUALES","","","","","","","1","","","","","1","NA","NA","NA","447475.32","NA","NA","NA","NA"
"156","14008","INFRAESTRUCTURA PARA EL SANEAMIENTO Y ABASTECIMIENTO DEL AGUA 2020","1","","","","","","1","","","","","1","","6177506.08","9710024.31","NA","NA","NA","NA","NA"
"157","20398","REHABILITACION DE LA PLANTA DE TRATAMIENTO.","","","","1","","","1","","","","","2","140000","","","","","","",""
"159","24032","PRODER","","","1","","","","","","","","","2","283000","NA","NA","NA","NA","NA","NA","NA"
"160","30016","PROSANEAR","","","","","","","1","","","","","1","NA","286678","NA","668917","NA","NA","NA","NA"
"161","30100","PROYECTO DE REHABILITACION DE RED DE AGUA POTABLE","","1","","","","","","","","","","2","592570","NA","NA","NA","NA","NA","NA","NA"
"162","22001","PCEA","","","","","","","","","1","","","2","6643493.11","NA","NA","NA","NA","NA","NA","NA"
"163","11020","RAMO 33","1","1","","1","1","","","1","","","","1","","66665058.21","5218977.57","","","","",""
"164","30065","SIN NOMBRE","","1","","","","1","","","","","","2","NSS","NA","NA","NA","NA","NA","NA","NA"
"165","30118","PRODER CONAGUA","","1","","","","","","","","","","1","","NA","NA","NA","NA","NA","6163586.04","NA"
"166","23003","HUERTOS URBANOS","","","","","","","","","","1","EDUCACION Y FORMACION","2","ND","ND","ND","ND","ND","ND","ND","ND"
"167","14075","RONOVACION DE TUBERIA DE LINEA DE AGUA","1","1","","","","","","","","","","1","","NA","16000000","NA","NA","NA","NA","NA"
"168","25006","RAMO XXXIII","1","1","1","1","","1","1","","","","","2","46936283.77","","","","","","",""
"169","32044","PRODER","","","1","","","","","","1","","","1","NA","165768","","165768","","","",""
"170","23011","RALLY DEL AGUA VIRTUAL","","","","","","","","","","1","EDUCACION Y FORMACION","2","250000","","","","","","",""
"172","15057","PRODDER","1","1","","1","1","1","1","","1","","","1","NA","NA","NA","33683935.31","NA","NA","NA","NA"
"173","30208","CULTURA DEL AGUA","","","","","","","","","1","","","2","NSS","NA","NA","NA","NA","NA","NA","NA"
"174","14003","MANTENIMIENTO PREVENTIVO","","1","","","1","","","","","","","2","NSS","NSS","NSS","NSS","NSS","NSS","NSS","NSS"
"175","5010","PRODDER","","1","1","","1","","","","","","","1","","","","14126510","","","",""
"176","24015","REHABILITACION DE LINEAS DE CONDUCCION DE AGUA POTABLE","1","1","1","","","","","","","","","2","148138","NA","NA","NA","NA","NA","NA","NA"
"177","13032","FAISM","1","1","","1","","","","","","","","1","NA","2500000","NA","NA","NA","NA","NA","NA"
"178","11011","PRESUPUESTO BASADO EN RESULTADOS","1","1","","1","","","","","","","","1","","","","2036458","","","",""
"179","1007","PRODDER","1","1","","1","1","","","","","","","1","NA","","","240299.74","","","",""
"180","25004","CONSTRUCCION Y REHABILITACION DE LA RED DE ALCANTARILLADO","","","1","1","1","","1","","","","","1","NA","","","5344173.25","","","",""
"181","14098","MANTENIMIENTO DE POZOS","","","","","","","","","1","","","2","8444867","NA","NA","NA","NA","NA","NA","NA"
"182","21159","TEOPANTLAN","","","","1","1","","","","","","","2","1557517047","","","","","","",""
"183","8036","CONSTRUCCION Y REHABILITACION DE ALCANTARILLADO SANITARIO","","","","1","1","","","","","","","2","850000","NA","NA","NA","NA","NA","NA","NA"
"184","25006","RECURSOS PROPIOS","1","1","1","1","1","1","1","","","","","2","10264754","","","","","","",""
"185","17012","AMPLIACION DE REDES DE AGUA POTABLE","1","1","1","1","1","","","","","","","2","449554","NA","NA","NA","NA","NA","NA","NA"
"186","15054","PROGRAMA ANUAL DE OBRAS 2020","1","1","","1","1","","","","","","","1","","39824427.87","","28227000","","","",""
"188","5028","PROGRAMA DE OBRA 2020 REHABILITACION Y AMPLIACION DE RED AGUA Y DRENAJE","1","1","","1","1","","","","","","","2","3286456","","","","","","",""
"189","8043","AMPLIACION Y REMODELACION DE RED DE AGUA Y DRENAJE","1","1","","1","1","","","","","","","2","300000","NA","NA","NA","NA","NA","NA","NA"
"190","7054","PLAN DE AGUA MUNICIPAL","1","1","","1","1","","","","","","","2","NSS","NA","NA","NA","NA","NA","NA","NA"
"191","26018","PROGRAMA ANUAL DE REHABILITACION DE INFRAESTRUCTURA","1","1","1","1","1","","","","","","","1","40000000","20000000","","20000000","","","",""
"192","30038","PROGRAMA DE DEVOLUCION DE DERECHOS DE AGUA (PRODDER)","1","1","1","1","1","","","","","","","1","NA","1139419.04","NA","887997","NA","NA","NA","NA"
"193","6009","PROSANEAR","","","","","","1","","","","","","1","1000000","500000","NA","500000","NA","NA","NA","NA"
"194","3001","PROGRAMA DE AGUA POTABLE, DRENAJE Y TRATAMIENTO (PROAGUA)","","","","","","1","","","","","","1","NA","3237381.62","NA","3237381.62","NA","NA","NA","NA"
"195","17009","CONSTRUCCION DE PLANTA DE TRATAMIENTO DE AGUAS RESIDUALES SAN BARTOLO TRES MARIAS","","","","","","1","","1","","","","1","NA","NA","8000000","NA","NA","NA","NA","NA"
"196","8006","CONSTRUCCION DE PLANTA DE TRATAMIENTO DE AGUAS RESIDUALES SECCIONAL EL PORVENIR","","","","","","1","","","","","","1","","NSS","NSS","NSS","NA","NA","NA","NA"
"197","12067","MEJORAMIENTO DE LA RED DE AGUA POTABLE Y ALCANTARILLADO SANITARIO","1","1","","1","1","","","","","","","2","NSS","NA","NA","NA","NA","NA","NA","NA"
"198","19033","PRODDER 2020","","","","","","","1","","","","","1","","","1488590.53","1488590.53","","","",""
"199","12062","REHABILITACION DE AGUA POTABLE Y DRENAJE","","","","","","","1","","","","","1","NA","1500000","NA","40000","NA","NA","NA","NA"
"200","5015","AUMENTO DE CAUDAL","","1","","","","","","","","","","2","120000","","","","","","",""
"201","15051","MANTENIMIENTO DE LA INFRAESTRUCTURA HIDRAULICA DE ALCANTARILLADO Y SANEAMIENTO DEL MUNICIPIO DE LERMA","","","","1","1","","","1","","","","2","1174074","1174074","NA","NA","NA","NA","NA","NA"
"202","10005","FONDO DE APORTACION PARA LA INFRAESTRUCTURA SOCIAL MUNICIPAL (FAISM-RAMO 33)","1","","","1","1","","","","","","","2","19037858","","","","","","",""
"203","19039","PRODDER 2020","1","","","","","","","","1","","","1","","","35041200.21","35041200.21","","","",""
"204","19036","PROAGUA 2020","1","","","","","","","","1","","","1","","","7266542.88","6069489.43","","","",""
"205","19017","PROAGUA 2020","","","","","","","","","1","","","1","","","1560371.16","1231489.92","","","",""
"206","17008","PRODI","","","1","","","","","","1","","","2","1344687","NA","NA","NA","NA","NA","NA","NA"
"207","16053","REHABILITACION DE FUENTES DE ABASTECIMIENTO (POZOS)","","","","","1","","","","1","","","1","","","","2700000","","","",""
"208","17012","PRODER","","","","","","","","","1","","","1","NA","278500","NA","278500","NA","NA","NA","NA"
"209","16082","DEVOLUCION DE DERECHOS POR DESCARGAS DE AGUAS RESIDUALES","","","","","1","","1","","","","","1","NA","","","1287468","","","",""
"210","2001","CESPE- RECURSOS PROPIOS","1","1","","","1","","1","","","1","BACHEOS, REPOSICION EQUIPOS BOMBEO","1","NA","","25864398","","","","",""
"211","17007","PROGRAMA DE SANEAMIENTO DE AGUAS RESIDUALES (PROSANEAR)","","","","","","","1","","","","","1","NA","700431.56","NA","1167385.92","NA","NA","NA","NA"
"212","30189","HIDROMARITIMAS","","","","","","","1","","","","","1","NA","NA","NA","8689816.15","NA","NA","NA","NA"
"213","8036","SANEAMIENTO DE AGUAS RESIDUALES","","","","","","","1","","","","","2","188350","NA","NA","NA","NA","NA","NA","NA"
"214","30084","PROGRAMA AGUA LIMPIA","","","","","","","","","","1","DESINFECCION DEL AGUA","1","","NSS","NSS","NSS","NSS","NSS","NSS","NSS"
"215","15113","PROGRAMA DE MANTENIMIENTO Y REABILITACION DE LA COMICION ESTATAL DEL AGUA","","1","","","1","","1","","","","","1","NA","NSS","NSS","NSS","NSS","NSS","NSS","NSS"
"216","24028","PROSANEAR","","","","1","1","","","1","","","","1","NA","18092500","","18092500","","","",""
"217","16102","PROGRAMA DE APOYO PARA EL DESARROLLO FORESTAL SUSTENTABLE","","","","","","","","","1","","","1","NA","741000","","665000","","","",""
"218","15118","PRODI 2020","","","","","","","","","1","","","1","","1116000","","744000","","","",""
"219","12055","MEJORAMIENTO DE MICROMEDICION","","","1","","","","","","","","","2","350000","NA","NA","NA","NA","NA","NA","NA"
"220","24031","MANTENIMIENTO Y REHABILITACION DE LOS SISTEMAS HIDRAULICOS DEL MUNICIPIO DE SANTA CATARINA","1","1","","","","","","","","","","2","2075639.11","NA","NA","NA","NA","NA","NA","NA"
"221","16053","AMPLIACION DE LA MICROMEDICION","","","1","","","","","","","","","1","","","","750000","","","",""
"222","19041","PRODDER 2020","1","","","1","","","1","","","","","1","","","23548539.7","23548539.7","","","",""
"223","12064","AMPLIACION DE LA RED DE AGUA Y DRENAJE","1","","","1","","","","","","","","2","300000","NA","NA","NA","NA","NA","NA","NA"
"224","3002","PROGRAMA DE AGUA POTABLE, ALCANTARILLADO Y SANEAMIENTO (PROAGUA)","","","1","","","","","","","","","1","NA","NA","3525000","3525000","NA","NA","NA","NA"
"225","7046","AMPLIACION DEL SERVICIO DE AGUA POTABLE (POZO CHUPAMIEL)","1","","","","","","","","","","","2","2948276","NA","NA","NA","NA","NA","NA","NA"
"226","17018","PRODI","","1","","","","","","","","","","1","NA","NSS","NSS","NSS","NSS","NSS","NSS","NSS"
"227","30073","LIMPIEZA DE POZOS PROFUNDOS","","","","","","","","","1","","","1","NA","NA","135000","NA","NA","NA","NA","NA"
"228","8062","AMPLIACION DE RED DE DRENAJE","","","","1","","","","","","","","2","329293.18","NA","NA","NA","NA","NA","NA","NA"
"229","13038","SUMINISTRO DE TINACOS DE 3000 LTS PARA ALMACENAMIENTO DE AGUA POTABLE","","","","","","","","","","1","SUMINISTRO DE DEPOSITOS DE AGUA","2","733374","NA","NA","NA","NA","NA","NA","NA"
"230","29043","SUSTITUCION DE RED DE DISTRIBUCION DE AGUA POTABLE","","1","","","","","","","","","","1","","","","117575.74","","","",""
"231","23011","CINE EN TU COLONIA","","","","","","","","","","1","EDUCACION Y FORMACION","2","","","","","","","",""
"232","30131","REPARACION DE FUGAS","","1","","","","","","","","","","2","800000","NA","NA","NA","NA","NA","NA","NA"
"233","23005","RALLY DEL AGUA - VIRTUAL","","","","","","","","","","1","EDUCACIÓN Y FORMACIÓN","2","250000","ND","ND","ND","ND","ND","ND","ND"
"234","25011","PROGRAMA DE OBRAS DEL RAMO 33","1","1","1","1","1","1","1","1","","","","1","NA","","","77300503.13","","","",""
"235","14097","PROGRAMA DE MEDIDORES","","","1","","","","","","","","","2","NA","NA","NA","NA","NA","NA","NA","NA"
"236","23011","HUERTOS URBANOS","","","","","","","","","","1","EDUCACION Y FORMACION","2","","","","","","","",""
"237","6009","PRODDER","","","","","","","","","1","","","1","1800000","900000","NA","900000","NA","NA","NA","NA"
"238","23011","CELEBRACIONES AMBIENTALES","","","","","","","","","","1","EDUCACION Y FORMACION","2","","","","","","","",""
"239","23003","GIRA DEL AGUA Y PUERTAS ABIERTAS (VIRTUAL)","","","","","","","","","","1","EDUCACION Y FORMACION.","2","ND","ND","ND","ND","ND","ND","ND","ND"
"240","23003","CINE EN TU COLONIA","","","","","","","","","","1","EDUCACION Y FORMACION","2","ND","ND","ND","ND","ND","ND","ND","ND"
"241","19034","PROAGUA 2020","1","","","1","","","","","","","","1","","","2301166.62","3371814.95","","","",""
"242","30192","INSTALACION DE MEDIDORES","","","1","","","","","","","","","2","21878","NA","NA","NA","NA","NA","NA","NA"
"243","15014","AGUA POTABLE, DRENAJE Y TRATAMENTO PROAGUA EN SU APARTADO RURAL (APARURAL) INTERCONEXION DE RED DE DRENAJE SANITARIO EN LA LOCALIDAD DE SAN FRANCISCO CHALCHIHUAPAN.","","","","1","","","","","","","","1","","","550000","830000","","","",""
"244","15014","AGUA POTABLE, DRENAJE Y TRATAMENTO PROAGUA EN SU APARTADO RURAL (APARURAL) INTERCONEXION DE RED DE DRENAJE SANITARIO EN LA COMUNIDAD DE LA PALMA.","","","","1","","","","","","","","1","","","720000","1080000","","","",""
"245","15106","PROGRAMA DE SANEAMIENTO DE AGUAS RESIDUALES (PROSANEAR)","","","","1","","","","","","","","1","","14356927.18","","14356927.18","","","",""
"246","15014","AMPLIACION DE LA RED DE DRENAJE SANITARIO EN LA CALLE 10 DE MAYO Y  PRIMERO DE MAYO, EN LA COMUNIDAD DE BOMBATEVI EJIDO","","","","1","","","","","","","","1","","","","1980000","","","",""
"247","11020","FONDO DE APORTACIONES PARA LA INFRAESTRUCTURA SOCIAL FAIS","","","","1","","","","","","","","1","NA","2062251.37","4594220.24","","","","",""
"248","14091","FAIS 2020","1","","","1","","","","","","","","1","NA","NA","8163624.05","NA","NA","NA","NA","NA"
"249","30189","FONDO DE APORTACIONES PARA LA INFRAESTRUCTURA SOCIAL Y MUNICIPAL DE LAS DEMARCACIONES DEL D.F. (FISMDF)","1","","","1","","","","","","","","2","39628582.86","39628582.86","NA","NA","NA","NA","NA","NA"
"250","1005","RAMO 33","","","","","","","","","","1","PERFORACION DE 2 POZOS Y EQUIPAMIENTO DE 1","2","13987620","","","","","","",""
"251","15113","AGENDA 20-30","","","","","","","","","1","","","1","NA","NSS","NSS","NSS","NSS","NSS","NSS","NSS"
"252","24050","CONAGUA (PRODDER Y PROSANEAR)","","","","1","","","","","","","","1","NA","139326","","274476","","","",""
"253","16034","PRODDER","1","1","1","","","","","","1","","","1","NA","","","3916904","","","",""
"254","21119","DISTINTIVO ATL","","","","","","1","","","1","","","2","5881","","","","","","",""
"255","14118","PERFORACION DE PROFUNDO","1","","","","","","","","","","","1","1200000","NA","1000000","NA","NA","NA","NA","NA"
"256","6007","PROAGUA APARTADO URBANO","","1","","","","","","","","","","1","NA","1345277","NA","715729","NA","NA","NA","NA"
"257","24011","PROGRAMA DE DEVOLUCION DE DERECHOS","1","","","","","","","","","","","1","NA","205458","NA","169969","NA","NA","NA","NA"
"258","11020","PROGRAMA DE ASIGNACION DE RECURSOS DERIVADOS DEL PAGO DE DERECHOS DE AGUA (PRODDER)","","1","","","","","","","","","","1","","36935104.44","","36935104.4","","","",""
"259","30085","MEJORAMIENTO DE LA INFRAESTRUCTURA DE AGUA POTABLE","1","1","","","","","","","","","","2","401323.71","NA","NA","NA","NA","NA","NA","NA"
"260","23003","CELEBRACIONES AMBIENTALES","","","","","","","","","","1","EDUCACIÓN Y FORMACIÓN","1","","ND","ND","ND","ND","ND","ND","ND"
"261","17030","MANTENIMIENTO A LAS REDES DE AGUA POTABLE","1","1","1","","","","","","","","","2","100000","","","","","","",""
"262","24032","AGUA LIMPIA","","","","","","","","","","1","DESINFECCION","2","115000","NA","NA","NA","NA","NA","NA","NA"
"263","3003","FONDO DE INFRAESTRUCTURA SOCIAL MUNICIPAL (FISM)","","","","","","","","","","1","SUMINISTRO DE SISTEMAS SOLARES, CONSTRUCCION DE PLANTAS DESALADORA Y POTABILIZADORA, Y REHABILITACION Y CONSTRUCCION DE TANQUES DE REGULACION DE AGUA","2","24621038.51","NA","NA","NA","NA","NA","NA","NA"
"264","15029","MANTENIMIENTO A POZOS DE ABSORCION","","","","","","","","","1","","","2","","","","","","","",""
"265","29031","MANTENIMIENTO DE BOMBA","","","","","","","","","","1","MANTENIMIENTO DE BOMBA","2","127344.8","","","","","","",""
"266","11037","CEAG URBANO","","","","","1","","","","","","","1","","3687872","1725000","","","","",""
"268","32020","FONDO  PARA  LA INFRAESTRUCTURA  SOCIAL MUNICIPAL","","","","","1","","","","","","","2","330507.22","NA","NA","NA","NA","NA","NA","NA"
"269","9011","PROGRAMA ESTRATEGICO PARA GARANTIZAR DERECHO AL AGUA 2020-2024","","","","","","","","","1","","","2","NA","","","","","","",""
"270","9008","PROGRAMA ESTRATEGICO PARA GARANTIZAR DERECHO AL AGUA 2020-2024","","","","","","","","","1","","","2","NA","","","","","","",""
"271","28027","PRODDER","","1","1","","1","1","","","","","","1","","27155164.43","","21177870","","","",""
"273","28032","PRODDER","1","1","","","1","","","","","","","1","","","","33367313","","","",""
"274","5035","PROGRAMA DE DEVOLUCION DE DERECHOS (PRODDER)","1","1","","","1","","","","","","","1","NA","","","31982671","","","",""
"275","6007","FONDO DE INFRAESTRUCTURA SOCIAL MUNICIPAL","","1","","","1","","","","","","","1","NA","NA","NA","28041404","NA","NA","NA","NA"
"276","23001","SUSTITUCIÓN DE COLECTORES DE AGUAS RESIDUALES Y SUSTITUCIÓN DE LA LÍNEA DE DISTRIBUCIÓN DE AGUA POTABLE DE LA AV. RAFAEL E. MELGAR.","1","1","","","1","","","","","","","1","","NA","70000000","NA","NA","NA","NA","NA"
"277","3008","FONDO DE APORTACIONES PARA LA INFRAESTRUCTURA SOCIAL (FAIS)","1","1","","","1","","","","","","","2","34712479","NA","NA","NA","NA","NA","NA","NA"
"278","25006","PREDIAL RUSTICO","","1","1","","1","1","","","","","","2","6107223","","","","","","",""
"279","30100","EQUIPAMIENTO DE POZOS PROFUNDOS","","1","","","","","","","","","","2","412810.7","NA","NA","NA","NA","NA","NA","NA"
"280","9009","PROGRAMA ESTRATEGICO PARA GARANTIZAR DERECHO AL AGUA 2020-2024","","","","","","","","","1","","","2","NA","","","","","","",""
"281","10005","PROGRAMA DE DEVOLUCION DE DERECHOS (PRODDER)","","1","1","","1","","1","","","","","1","","17878765","","12119270","","","",""
"282","9005","PROGRAMA ESTRATEGICO PARA GARANTIZAR DERECHO AL AGUA 2020-2024","","","","","","","","","1","","","2","NA","","","","","","",""
"283","9014","PROGRAMA ESTRATEGICO PARA GARANTIZAR DERECHO AL AGUA 2020-2024","","","","","","","","","1","","","2","NA","","","","","","",""
"284","25015","FONDO DE INFRAESTRUCTURA SOCIAL PARA LAS ENTIDADES","","","1","","1","","","","","","","1","NA","","5463183.32","","","","",""
"285","9016","PROGRAMA ESTRATEGICO PARA GARANTIZAR DERECHO AL AGUA 2020-2024","","","","","","","","","1","","","2","NA","","","","","","",""
"286","9003","PROGRAMA ESTRATEGICO PARA GARANTIZAR DERECHO AL AGUA 2020-2024","","","","","","","","","1","","","2","NA","","","","","","",""
"287","9004","PROGRAMA ESTRATEGICO PARA GARANTIZAR DERECHO AL AGUA 2020-2024","","","","","","","","","1","","","2","NA","","","","","","",""
"288","16102","ACCIONES EJECUTADAS CON RECURSOS PROPIOS (PROGRAMA OPERATIVO ANUAL)","","1","","","1","","","1","1","","","2","12713254.31","NA","NA","NA","NA","NA","NA","NA"
"289","9006","PROGRAMA ESTRATEGICO PARA GARANTIZAR DERECHO AL AGUA 2020-2024","","","","","","","","","1","","","2","NA","","","","","","",""
"290","9013","PROGRAMA ESTRATEGICO PARA GARANTIZAR DERECHO AL AGUA 2020-2024","","","","","","","","","1","","","2","NA","","","","","","",""
"291","9010","PROGRAMA ESTRATEGICO PARA GARANTIZAR DERECHO AL AGUA 2020-2024","","","","","","","","","1","","","2","NA","","","","","","",""
"292","9012","PROGRAMA ANUAL DE LIMPIEZA Y DESAZOLVE","","","","","1","","","","","","","2","NA","","","","","","",""
"293","9017","PROGRAMA ESTRATEGICO PARA GARANTIZAR DERECHO AL AGUA 2020-2024","","","","","","","","","1","","","2","NA","","","","","","",""
"294","9015","PROGRAMA ESTRATEGICO PARA GARANTIZAR DERECHO AL AGUA 2020-2024","","","","","","","","","1","","","2","NA","","","","","","",""
"295","9002","PROGRAMA ESTRATEGICO PARA GARANTIZAR DERECHO AL AGUA 2020-2024","","","","","","","","","1","","","2","NA","","","","","","",""
"296","9007","PROGRAMA ESTRATEGICO PARA GARANTIZAR DERECHO AL AGUA 2020-2024","","","","","","","","","1","","","2","NA","","","","","","",""
"297","20039","MEJORA Y MANTENIMIENTO DE LA INFRAESTRUCTURA","1","1","1","1","1","","1","","","","","2","259431","","","","","","",""
"298","23003","RALLY DEL AGUA VIRTUAL","","","","","","","","","","1","EDUCACION Y FORMACION","2","250000","ND","ND","ND","ND","ND","ND","ND"
"299","30131","SUMINISTRO DE EQUIPOS DE BOMBEO","","1","","","","","","","","","","2","20000000","NA","NA","NA","NA","NA","NA","NA"
"300","30131","REHABILITACION DE LA OBRA DE CAPTACION","","1","","","","","","","","","","2","25000000","NA","NA","NA","NA","NA","NA","NA"
"301","14098","AUMENTO EN EL PADRON DE SERVICIO MEDIDO","","","1","","","","","","","","","2","150000","NA","NA","NA","NA","NA","NA","NA"
"302","16025","PROGRAMA DE DEVOLUCION DE DERECHOS","1","1","","","","1","","","","","","1","NA","","700000","","","","",""
"303","30038","PROGRAMA PARA EL DESARROLLO INTEGRAL DE ORGANISMOS OPERADORES (PRODI)","","","1","","","","","","","","","1","NA","1077257.66","NA","718171.78","NA","NA","NA","NA"
"304","21114","GARANTIZAR EL ABASTO MEDIANTE LA ATENCION A COLONIAS VULNERABLES","","","1","","","","","","","","","2","20966287","","","","","","",""
"305","21085","EFICIENCIA EN LA RECAUDACION EN LA COMUNIDAD","","","1","","","","","","","","","2","7599605","","","","","","",""
"306","6001","PROGRAMA DE DEVOLUCION DE DERECHOS","","1","1","","","","","","","","","1","NA","843459","NA","843459","NA","NA","NA","NA"
"307","24015","REHABILITACION DE RED PUBLICA","1","1","1","","","","","","","","","2","67393","NA","NA","NA","NA","NA","NA","NA"
"308","6001","PROGRAMA DE SANEAMIENTO DE AGUAS RESIDUALES","","","","","1","","","","","","","1","NA","593043.9","NA","1976813","NA","NA","NA","NA"
"309","21011","REHABILITACION DE EMISOR SEGUNDA ETAPA EN ACAXTLAHUACAN","","","","","1","","","","","","","2","163868.86","","","","","","",""
"310","10005","PROGRAMA NORMAL (PN)","","","","","","","1","1","","","","2","19481190","","","","","","",""
"311","1001","PROGRAMA ""FONDO DE APORTACIONES PARA LA INFRAESTRUCTURA SOCIAL MUNICIPAL DE LAS DEMARCACIONES TERRITORIALES DEL DISTRITO FEDERAL""","1","","","","1","","","","","","","2","53942330.87","","","","","","",""
"312","25001","OBRAS PUBLICAS (OBRA PUBLICA DIRECTA)","","","","","1","","","","","","","2","2052152.6476","","","","","","",""
"313","30100","REHABILITACION DE DRENAJE SANITARIO","","","","","1","","","","","","","2","3428410.37","NA","NA","NA","NA","NA","NA","NA"
"314","8062","REHABILITACION DE DRENAJE","","","","","1","","","","","","","2","105541.16","NA","NA","NA","NA","NA","NA","NA"
"315","16006","PRODDER","1","1","","","","","","","","","","1","NA","","","479007.98","","","",""
"316","24028","PRODDER","1","1","","","","","","","","","","1","NA","4192000","","4192000","","","",""
"317","10027","PESO POR PESO","1","1","","","","","","","","","","1","","1900000","","","","","",""
"318","10027","AGUA LIMPIA","1","1","","","","","","","","","","1","","","1000000","","","","",""
"319","16043","PRODDER","1","1","","","","","","","","","","1","NA","","","581322","","","",""
"320","4007","AGUA LIMPIA","","1","","","","","","","","","","1","NA","","","298758","","","",""
"321","21197","SUSTITUCION DE RED DE AGUA POTABLE","","1","","","","","","","","","","1","","","","655382","","","",""
"322","21085","AMPLIACION DE INFRAESTRUCTURA AGUA POTABLE Y DRENAJE","1","","","1","","","","","","","","1","","6747208","310873","","","","",""
"323","13042","PROAGUA","","","","1","","","","","","","","1","NA","227360","841611.48","937100.33","","","",""
"324","24053","PROAGUA (SANEAMIENTO INTEGRAL DEL ARROYO TENANGO)","","","","","1","","","","","","","1","NA","1300000","","1300000","","","",""
"325","11007","PRODI","","1","1","","","","","","","","","1","","3022589.11","3001635.5","4002180.66","","","",""
"326","15006","SUSTITUCION DE RED DE AGUAS RESIDUALES","","","","","1","","","","","","","1","","300000","1500000","3000000","NA","NA","NA","NA"
"327","3008","PROGRAMA DE AGUA POTABLE, ALCANTARILLADO Y SANEAMIENTO (PROAGUA)","1","","1","1","1","","","","","","","1","NA","19006399","2347353","13269480","NA","NA","NA","NA"
"328","12050","RAMO XXXIII","1","1","","1","1","","","","","","","1","NA","150000","220000","1430000","NA","NA","NA","NA"
"329","24032","PROSANEAR","","","","","","","1","","","","","1","NA","525000","","525000","","","","NA"
"330","23009","APAZU","","","","1","","1","1","1","","","","2","NSS","NA","NA","NA","NA","NA","NA","NA"
"331","13038","REHABILITACION DE BORDO","","","","","","","","","1","","","2","150000","NA","NA","NA","NA","NA","NA","NA"
"332","11021","PRODDER","1","1","1","1","1","","","","1","","","1","","2533299.78","","2533297","","","",""
"333","11033","PROAGUA","","","1","","","","","","","","","1","","842955.9","842955.9","1123941.2","","","",""
"335","8053","PLANTA PURIFICADORA OSMOSIS INVERSA CENTENARIO","","","","","","","","","","1","REHABILITACION","1","","NA","NA","NA","NA","NA","198571","NA"
"336","19021","PROAGUA 2020","1","","","1","","","","","","","","1","","","29834844.55","10079093.19","","","",""
"337","26029","SECTORES HIDROMETRICOS EN GUAYMAS","","","","","","","","","","1","CONTROL DE GASTO Y PRESION EN LA RED.","1","120000000","","6000000","60000000","","","",""
"338","16052","REHABILITACION DEL TREN DE DESCARGA Y AUTOMATIZACION DEL SISTEMA DE BOMBEO (PRIMERA ETAPA) DE LA PLANTA POTABILIZADORA LAZARO CARDENAS, MICHOACAN.","","","","","","","","","","1","REHABILITACION DE PLANTA POTABILIZADORA","1","","4029972.2","2076046.28","6106018.48","","","",""
"339","8059","REHABILITACION LINEA DE CONDUCCION SAN FRANCISCO DEL ORO","","1","","","","","","","","","","1","","1125000","1125000","NA","NA","NA","NA","NA"
"340","31006","AMPLIACION EN LA GRAN LUCHA","","1","","","","","","","","","","2","35000","NA","NA","NA","NA","NA","NA","NA"
"341","12058","REHABILITACION DE LA RED DE AGUA","","1","","","","","","","","","","1","NA","360000","139391.25","NA","NA","NA","NA","NA"
"342","17004","MODERNIZACION DE LA RED HIDRAULICA","","1","","","","1","","","","","","1","NA","NA","2650000","NA","NA","NA","NA","NA"
"343","1001","PROGRAMA ""DIRECTO CCAPAMA""","1","1","","","","","","","","","","2","13065804.56","","","","","","",""
"344","20412","PROGRAMA DE REHABILITACION DE AGUA","1","1","","","","","","","","","","2","7000000","","","","","","",""
"345","21159","REHABILITACION DEL SISTEMA DE AGUA POTABLE SAN SEBASTIAN TENANGO","1","1","","","","","","","","","","2","1982568.48","","","","","","",""
"346","8036","CONSTRUCCION Y REHABILITACION DE RED DE AGUA POTABLE","1","1","","","","","","","","","","2","1750000","NA","NA","NA","NA","NA","NA","NA"
"348","18003","REHABILITACION DE AGUA POTABLE","","1","","","","","","","","","","2","204037","204037","NA","NA","NA","NA","NA","NA"
"349","8061","REHABILITACION DE RED DE AGUA POTABLE EN CARMONA","","1","","","","","","","","","","2","83022.19","NA","NA","NA","NA","NA","NA","NA"
"350","22014","PROGRAMA DE COMISION ESTATAL DE AGUAS (PCEA)","","1","","","","1","","","","","","2","1810774.4","NA","NA","NA","NA","NA","NA","NA"
"351","7011","REHABILITACION DE AGUA POTABLE","","1","","","","","","","","","","2","4300000","NA","NA","NA","NA","NA","NA","NA"
"352","29043","AMPLIACION DE RED PARA DRENAJE SANITARIO Y AMPLIACION DE RED PARA AGUA POTABLE","1","","","1","","","","","","","","2","34221.45","","","","","","",""
"353","12027","MEJORANDO EL SISTEMA DE AGUA Y DRENAJE","1","","","1","","","","","","","","2","700000","NA","NA","NA","NA","NA","NA","NA"
"354","15014","PROGRAMA PARA EL DESARROLLO INTEGRAL DE LOS ORGANISMO OPERADORES DE AGUA Y SANEAMIENTO (PRODI)","","","","","","","","","1","","","1","","312030","","208021","","","",""
"355","22018","PROGRAMA DE COMISION ESTATAL DE AGUAS (PCEA)","","","","","","","","","1","","","2","4767504.8","NA","NA","NA","NA","NA","NA","NA"
"356","22013","PROGRAMA DE COMISION ESTATAL DE AGUAS (PCEA)","","","","","","","","","1","","","2","3707587.44","NA","NA","NA","NA","NA","NA","NA"
"357","15113","LIMPIEZA DE CONTENEDORES DE AGUA ECOLOGIA","","","","","","","","","1","","","2","","NSS","NSS","NSS","NSS","NSS","NSS","NSS"
"358","8036","PRODDER","","1","","","","","","","1","","","1","","1900000","NA","1900000","NA","NA","NA","NA"
"359","13041","PRODDER","","","1","","","","","","1","","","1","NA","346303","","230937","","","",""
"360","30061","SUPERVISION DE TOMAS CLANDESTINAS","","","1","","","","","","1","","","2","215165","215165","NA","NA","NA","NA","NA","NA"
"361","21114","ASEGURAMIENTO DEL SERVICIO DENTRO DE LA ZONA DE COBERTURA","1","1","1","","","","","","1","","","2","93867486","","","","","","",""
"362","19017","PRODDER 2020","1","","","1","","","","","1","","","1","","","4977957.63","4977957.63","","","",""
"363","32020","PROGRAMA  DE  DEVOLUCION  DE  DERECHOS","","1","","1","","","","","1","","","1","NA","450708","NA","343840","NA","NA","NA","NA"
"364","15109","PRODDER","1","","1","1","","","","","1","","","1","","","","7545410.75","","","",""
"365","16107","PROGRAMA OPERATIVO ANUAL","","1","1","","1","","","","1","","","2","1200918","","","","","","",""
"366","8021","PRODDER","1","1","1","1","1","","","","1","","","1","","10167121.86","NA","10167121.86","NA","NA","NA","NA"
"367","5030","PROGRAMA DE DEVOLUCION DE DERECHOS (PRODDER)","1","1","1","1","1","","","","1","","","1","NA","","","29539240","","","",""
"368","25018","PLAN MUNICIPAL DE DESARROLLO","1","1","","1","1","1","","","1","","","2","25042370.14","","","","","","",""
"369","14077","AMPLIACION SERVICIO SAN MARTIN","1","1","","1","1","","1","","1","","","1","NA","NSS","NSS","NSS","NSS","NSS","NSS","NSS"
"370","14093","PROGRAMA DE DEVOLUCION DE DERECHOS (PRODDER)","1","1","1","1","1","","1","","1","","","1","","7398114.77","NA","7344813.23","NA","NA","NA","NA"
"372","15099","PRODDER 2020","","","1","","","","","","1","","","1","","3600000","","3600000","","","",""
"373","21119","REFORESTACIONES Y LIMPIEZA DE CUERPOS DE AGUA","","","","","","","","1","1","","","1","","ND","ND","ND","ND","ND","ND","ND"
"374","17015","CONSTRUCCION DE PAVIMENTO CON CONCRETO IDRAULICO CALLE INSURGENTES","1","1","","1","1","","","1","1","","","1","NA","","","1915516","","","",""
"375","17015","REHABILITACION DE RED DE AGUA POTABLE CALLE FRANCISCO VILLA, COLONIA VISTA HERMOSA","1","1","","1","1","","","1","1","","","1","NA","","","2186178","","","",""
"376","32014","EQUIPAMIENTO CON SISTEMA FOTOVOLTAICO DE POZO PROFUNDO DE AGUA POTABLE","","","","","","","","","","1","EQUIPAMIENTO DE POZO NUEVO PARA AGUA","1","NA","1300000","1256000","2514000","","","",""
"377","11021","PRODDI","","1","","","","","","","","","","1","","440970","440970","587960","","","",""
"378","11033","APARURAL","1","","","","","","","","","","","1","","1688678.62","1850582.08","1449530.5","","","",""
"379","19026","PROAGUA 2020","1","","","","","","","","","","","1","","","10354454.62","5031887.78","","","",""
"380","19022","PROAGUA 2020","","","","","","","","","","1","CONSTRUCCION DE CASETA PARA EQUIPO DE CLORACION","1","","","117933.75","117933.75","","","",""
"382","23010","PROAGUA","","","","","","","","","","1","BAÑOS ECOLOGICOS","1","12805173.01","NA","3841551.903","8963621.107","NA","NA","NA","NA"
"383","19013","PRODDER 2020","","","","","","","","","","1","AUTOMATIZACION Y MANTENIMIENTO EQUIPO DE BOMBEO","1","","","15494996.51","15494996.51","","","",""
"384","19038","PROAGUA 2020","","","","","","","","","","1","CONSTRUCCION DE CASETA EQUIPO DE CLORACION","1","","","117933.75","117933.75","","","",""
"385","11003","PROGRAMA AGUA LIMPIA EMERGENTE","","1","","","","","","","","","","1","","","23292.58","88161.81","","","",""
"386","19033","PROAGUA 2020","","","","","","","","","","1","CONSTRUCCION DE CASETA EQUIPO DE CLORACION","1","","","235867.5","235867.5","","","",""
"387","23004","SUSTITUCIÓN DE INFRAESTRUCTURA ELÉCTRICA DE LA ZONA DE CAPTACIÓN DE XUL HA","","","","","","","","","","1","REHABILITACIOÓ DE RED ELÉCTRICA DE MEDIA TENSIÓN","1","","NA","1500000","2000000","NA","NA","NA","NA"
"388","30189","PROAGUA","","","","","","","","","","1","OBRA DE TOMA PARA CAPTACION DE AGUA","1","NA","NA","16006809.5","16006809.5","NA","NA","NA","NA"
"389","14008","PRODDER","","","","","","","","","1","","","1","","448632","NA","399880","NA","NA","NA","NA"
"390","17020","PROGRAMA DE DEVOLUCION DE DERECHOS (PRODDER)","","","","","","","","","","1","COMPRA DE EQUIPO DE BOMBEO Y ARRANCADORES","1","","271222","NA","271222","NA","NA","NA","NA"
"391","18020","PROGRAMA DE DESARROLLO INTEGRAL DE ORGANISMOS OPERADORES DE AGUA Y  SANEAMIENTO (PRODI)","","","","","","","","","","1","MEJORAMIENTO DE EFICIENCIA","1","19408575.96","12244207.46","NA","7164368.5","NA","NA","NA","NA"
"392","18020","PROGRAMA DE DEVOLUCION DE DERECHOS (PRODDER)  MUNICIPIO DE BAHIA DE BANDERAS","","","","","","","","","","1","EFICIENCIA AGUA POTABLE Y ALCANTARILLADO SANITARIO","1","1615950","814442","NA","801508","NA","NA","NA","NA"
"393","18020","PROGRAMA DE DEVOLUCION DE DERECHOS (PROSANEAR)","","","","","","","","","","1","EFICIENCIA AGUA POTABLE Y ALCANTARILLADO SANITARIO","1","389375.92","236833.92","NA","152542","NA","NA","NA","NA"
"394","26043","PROGRAMA DEVOLUCION DE DERECHOS (PRDODER) 2020","","","","","","","","","","1","MEJORAMIENTO DE EFICIENCIA","2","5235058","2617529","","2617529","","","",""
"395","11033","PRODI","","","","","","","","","","1","ADQUISICION DE CAMION CISTERNA","1","","696000","","901232","","","",""
"396","25005","PROGRAMA DE DEVOLUCION DE DERECHOS (PRODDER)","1","","","","","","","","","","","1","NA","176635.9","","141762","","","",""
"397","25006","PRODI","","","","","","","","","","1","ADQUISICIONES","1","NA","3497543","","2331696","","","",""
"398","16053","PROGRAMA DE PREVENCION DE INUNDACIONES","","","","","","","","","","1","MANTENIMIENTO A DRENES Y ESTACIONES DE BOMBEO PLUVIAL","1","NA","","","3750000","","","",""
"399","1005","PRODI","","","","","","","","","","1","ELABORACION DE PLAN DE DESARROLLO INTEGRAL","1","NA","256048","","170699","","","",""
"400","23004","INTERCONEXIÓN DE LA LINEA DE CONDUCCIÓN DE 20 A LA DE 24 PULGADAS (BYPASS)","","","","","","","","","","1","CAMBIO EN DIRECCIÓN DE CONDUCCIÓN DE AGUA ","1","","NA","NA","3855000","NA","NA","NA","NA"
"401","29043","CONSTRUCCION DE RED DE AGUA POTABLE","1","","","","","","","","","","","1","","","","54602.05","","","",""
"402","30189","FONDEN","","","","","","","","","","1","REHABILITACION GALERIAS FILTRANTES EN ZONA CAPTACION","1","NA","NA","NA","2795244","NA","NA","NA","NA"
"403","25001","OBRAS PUBLICAS (SECRETARIA DE LA DEFENSA NACIONAL)","","","","","","","","","","1","CONSTRUCCION DE LINEA DE AGUA CRUDA","1","NA","","","1691533.65","","","",""
"404","25012","PRODDER","","","","","","","","","","1","CONSTRUCION DE TANQUES","1","NA","","","18545993.24","","","",""
"405","1005","PRODER","","","","","","","","","","1","REHABILITACION DE EQUIPO DE BOMBEO","1","NA","","","1209695","","","",""
"406","18002","ESPACIO DE CULTURA DEL AGUA","","","","","","","","","","1","CONCIENTIZACION SOBRE EL CUIDADO DEL AGUA","1","20000","10000","NA","10000","NA","NA","NA","NA"
"407","18002","AGUA LIMPIA","","","","","","","","","","1","DOSIFICADORES DE CLORO","1","55000","10000","NA","45000","NA","NA","NA","NA"
"408","11033","PROGRAMA Q0044 Y Q0053, PARTIDA PRESUPUESTAL 6140 Y 3390, CON NUMERO DE IDENTIFICACION 8165","1","","","","","","","","","","","1","","2558462.4","2558462.4","","","","",""
"409","25005","FONDO PARA LA INFRAESTRUCTURA ESTATAL","","","","","","","","","","1","CONSTRUCCION DE FUENTES DE CAPTACION","1","NA","","1677310.6","","","","",""
"410","30045","PROGRAMA AGUA LIMPIA","","","","","","","","","","1","DESINFECCION DEL AGUA","1","NA","NA","306905.2","NA","NA","NA","NA","NA"
"411","30189","FONDO DE INFRAESTRUCTURA SOCIAL ESTATAL (FISE)","","","","","","","","","","1","OBRA DE TOMA PARA CAPTACION DE AGUA","1","NA","NA","32013619","NA","NA","NA","NA","NA"
"412","30005","PROGRAMA AGUA LIMPIA","","","","","","","","","","1","DESINFECCION DEL AGUA","2","NSS","NSS","NSS","NSS","NSS","NSS","NSS","NSS"
"413","25005","CULTURA DEL AGUA","","","","","","","","","","1","ACCIONES DE CONCIENTIZACION SOBRE EL UIDADO DEL AGUA","1","NA","","","NSS","","","",""
"415","18018","CULTURA DEL AGUA","","","","","","","","","","1","PLATICAS INFORMATIVAS SOBRE EL CUIDADO DEL AGUA.","2","5000","5000","NA","NA","NA","NA","NA","NA"
"416","18009","AGUA LIMPIA","","","","","","","","","","1","CLORAR LOS TANQUES DE AGUA","2","10000","10000","NA","NA","NA","NA","NA","NA"
"418","1005","DIRECTO CAPAS","1","1","","1","1","","","","","","","2","11558382","","","","","","",""
"419","13009","PROGRAMA DE DEVOLUCION DE DERECHOS (PRODDER)","1","","","","","","","","","","","1","NA","50600","","50600","","","",""
"420","2004","COBRANZA INTEGRAL","","","","","","","","","","1","SANEAMIENTO DE LA CARTERA VENCIDA POR IMPORTES DE FACTURACION DE CONSUMOS DE AGUA","2","260523321","NA","NA","NA","NA","NA","NA","NA"
"424","25001","GENERACION INTERNA DE CAJA","1","1","","","","","","","","","","2","7566274.5","","","","","","",""
"425","17007","PROGRAMA PARA EL DESARROLLO INTEGRAL DE LOS ORGANISMOS OPERADORES DE AGUA Y SANEAMIENTO (PRODI)","","","1","","","","","","","","","1","NA","815998","2365718.29","NA","NA","NA","NA","NA"
"426","24024","PROGRAMA DE DESARROLLO INTEGRAL","","1","1","","","","","","","","","1","NA","3710430","NA","2381056","NA","NA","NA","NA"
"427","15106","PROGRAMA DE DEVOLUCION DE DERECHOS  (PRODDER)","","","","1","","","","","","","","1","","11823113.48","","11799510.46","","","",""
"428","19039","PROAGUA 2020","1","1","","1","","","","","","","","1","","","9029312.47","4547455.58","","","",""
"429","1001","""PROGRAMA DE DEVOLUCION DE DERECHOS""","1","1","","1","","","","","","","","2","56919041.8","","","","","","",""
"430","3002","FONDO DE APORTACIONES PARA LA INFRAESTRUCTURA SOCIAL (FAIS)","","1","","1","","","","","1","","","2","6733715","NA","NA","NA","NA","NA","NA","NA"
"431","26036","PROGRAMA DE DEVOLUCION DE DERECHOS (PRODDER)","1","","1","1","","","","","","1","REHABILITACIONDE EQUIPOS DE BOMBEO DE AGUA","1","NA","","","2136158","","","",""
"432","2004","SANEAMIENTO DEL RIO TIJUANA","","","","","1","","","","","1","REHABILITACION DE CARCAMOS DE AGUAS RESIDUALES","2","300000000","","","","","","",""
"433","14125","PROGRAMA DE DEVOLUCION DE DERECHOS (PRODDER)","","","","","1","","","","","1","DESINFECCION DE AGUA","2","307502","153751","NA","153751","NA","NA","NA","NA"
"434","25001","DIRECCION DE DESARROLLO SOCIAL (FONDO DE APORTACIONES PARA LA INFRAESTRUCTURA SOCIAL MUNICIPAL Y DE LAS DEMARCACIONES TERRITORALES DEL DISTRITO FEDERAL EJERCICIO 2020)","1","","","","1","","","","","1","CONSTRUCCION DE TOMAS Y DESCARGAS DOMICILIARIAS","2","3781720.582","","","","","","",""
"435","7101","PROGRAMA OPERATIVO ANUAL 2018-2021","","1","","","1","","","","","","","2","27716479","NA","NA","NA","NA","NA","NA","NA"
"436","25012","FAIS","1","1","","1","1","","","","","1","CONSTRUCCION DE TANQUES","2","39155905.03","","","","","","",""
"437","25015","FONDO PARA LA INFRAESTRUCTURA SOCIAL MUNICIPAL","1","1","1","1","1","1","1","","","1","CONSTRUCCION DE TANQUES ELEVADOS METALICOS","2","7970836.41","","","","","","",""
"438","30050","FONDO DE  INFRAESTRUCTURA SOCIAL MUNICIPALY  DE LAS DEMARCACIONES TERRRITORIALES DEL DISTRITO FEDERAL 2020","","1","","","1","1","","","","1","CONSTRUCCION DE CARCAMO DE BOMBEO","2","9090000","9090000","NA","NA","NA","NA","NA","NA"
"439","19021","PRODDER 2020","","","","","","","1","","","1","TANQUES DE ALMACENAMIENTO","1","","","59408510.41","59408510.41","","","",""
"440","5030","PROGRAMA DE ACCIONES DE INFRAESTRUCTURA, OPERACION Y MEJORAMIENTO DE EFICIENCIA DE SANEAMIENTO (PROSANEAR)","","","","","","","1","","","1","TRANSPORTE Y DISPOSICION DE BISOLIDOS, SUMINISTRO Y APLICACION DE REACTIVOS","1","NA","","","12060226","","","",""
"441","26036","PROGRAMA DE SANEAMIENTO DE AGUAS RESIDUALES (PROSANEAR)","","","","1","","","1","","","1","SUMINISTRO DE EQUIPO DE REBOMBEO DE AGUAS RESIDUALES","1","NA","","","657475","","","",""
"442","25010","FONDO DE INFRAESTRUCTURA SOCIAL MUNICIPAL (FISM)","1","1","1","","1","","1","","","1","CONSTRUCCION DE PLANTAS POTABILIZADORAS","2","31811217.04","","","","","","",""
"443","16108","PROGRAMA DE SANEAMIENTO DE AGUAS RESIDUALES","","","","1","1","1","1","1","","1","CONSTRUCCION DE REDES SANTARIAS Y ADQUISICIONES DE TUBERIA Y MAQUINARIA","1","NA","1082584.01","NA","1804306.68","NA","NA","NA","NA"
"444","16112","PROGRAMA DE DEVOLUCION DE DERECHOS (PRODDER)","1","1","","","","","","","1","1","REHABILITACION DE INFRAESTRUCTURA HIDRAULICA","1","NA","1493049.73","","1483933","","","",""
"445","16108","PROGRAMA DE DEVOLUCION DE DERECHOS","1","1","1","","","","","","1","1","ENERGIA ELECTRICA DE LOS POZOS Y ADQUISICIONES DE MAQUINARIA Y EQUIPOS.","1","NA","","","3059367.86","","","",""
"446","25005","FONDO PARA LA INFRAESTRUCTURA SOCIAL MUNICIPAL (FISM)","1","1","1","1","1","1","1","","1","1","CONSTRUCCION DE TANQUE DE ALMACENAMIENTO","2","9198142.59","","","","","","",""
"447","14030","PLAN DE TRABAJO SIMAPA 2020","1","1","1","1","1","","","","1","1","PERFORACION DE POZO SANTA CRUZ DE LA S.","2","1303594","NA","NA","NA","NA","NA","NA","NA"
"448","30126","CENSO MUNICIPAL PARA REGULARIZACION DE TOMAS","","","","","","","","","","1","INSPECCION DE USO Y CONTRATACION","2","NSS","NA","NA","NA","NA","NA","NA","NA"
"449","2002","PROGRAMA DE DEVOLUCIÓN DE DERECHOS (PRODER)","","1","1","","1","","1","","1","1","APOYOS EN PAGO DE CONSUMO DE ENERGÍA ELECTRICA PARA OPERACIÓN DE PLANTAS POTABILIZADORAS","1","","","44587264","44587264","","","",""
"450","2002","PROGRAMA DE SANEAMIENTO DE AGUAS RESIDUALES (PROSANEAR)","","","","","1","","1","","","1","APOYOS EN PAGO DE CONSUMO DE ENERGÍA ELECTRICA PARA OPERACIÓN DE PLANTAS DE BOMBEO Y TRATAMIENTO DE AGUAS RESIDUALES ","1","","","16709941.5","16709941.5","","","",""
"451","2002","RECURSOS PROPIOS","1","1","","1","1","","","","","1","REHABILITACIÓN Y MEJORAMIENTO SISTEMA DE ALCANTARILLADO PLUVIAL","1","","","24055996","","","","",""
"452","2002","PROGRAMA APARTADO AGUA LIMPIA","","","","","","","","","","1","MANTENIMIENTO Y ACCIONES PARA DESINFECCIÓN DE AGUA","1","","","771981","3314362","","","",""
"453","2003","APAUR","1","1","","1","","","","","","","","1","","6040277.5","","6040277.5","","","",""
"454","2003","PROAGUA","","1","","","1","","1","","","","","1","","2321595","","2321595","","","",""
"455","2003","APARURAL","1","1","","1","1","","","","","","","1","","7219117","","10828676","","","",""
"456","2003","PRODI","","","1","","","","","","","","","1","","1625856","","1083904","","","",""
"457","2003","PRODDER","1","1","","1","1","1","1","","1","","","1","","3045965.5","","3045965.5","","","",""
"458","2004","CULTURA DEL AGUA","","","","","","","","","","1","CULTURA DE AGUA -CUIDADO DEL RECURSO Y CULTURA DE PAGO-","1","","","150000","150000","","","",""
"459","12072","REHABILITACION DE LA RED DE AGUA","","1","","","","","","","","","","2","285000","","","","","","",""
"460","2005","CULTURA DEL AGUA","","","","","","","","","","1","CULTURA DE AGUA -CUIDADO DEL RECURSO Y CULTURA DE PAGO-","1","","NSS","NSS","NSS","NSS","NSS","NSS","NSS"
"461","2005","SANEAMIENTO DEL RIO TIJUANA","","","","","1","","","","","1","REHABILITACIÓN DE CARCAMOS DE AGUAS RESIDUALES","2","NSS","","","","","","",""
"462","2005","COBRANZA INTEGRAL","","","","","","","","","","1","SANEAMIENTO DE LA CARTERA VENCIDA POR IMPORTES DE FACTURACIÓN DE CONSUMOS DE AGUA","2","NSS","","","","","","",""
"463","11042","AGUA PARA VALLE","1","1","1","1","1","","","1","1","","","1","","871059.6","871059.6","","","","",""
"465","2005","EFICIENCIA DE MICROMEDICIÓN","","","1","","","","","","","1","SUBRROGACIÓN DEL PROCESO DE LECTURA Y ENTREGA DE FACTURA","2","NSS","","","","","","",""
"466","2004","EFICIENCIA DE MICROMEDICIÓN","","","1","","","","","","","1","SUBRROGACIÓN DEL PROCESO DE LECTURA Y ENTREGA DE FACTURA","0","25654321","","","","","","",""
