"folio","ag_servi","pobl_prc","no_sabe","tot_pres"
"1001","1","99","","2"
"1002","1","70","","1"
"1003","1","99","","1"
"1004","1","98","","1"
"1005","1","98","","1"
"1006","1","95","","1"
"1007","1","80","","1"
"1008","1","99","","1"
"1009","1","98","","1"
"1010","1","78","","1"
"1011","1","98","","1"
"2001","1","79","","1"
"2002","1","98","","1"
"2003","1","96","","1"
"2004","1","98","","1"
"2005","1","98","","1"
"2006","1","63","","1"
"3001","1","99","","1"
"3002","1","98","","1"
"3003","1","98","","1"
"3008","1","83","","1"
"3009","1","96","","1"
"4001","1","90","","1"
"4002","1","NSS","1","1"
"4003","1","85","","1"
"4004","1","96.7","","1"
"4005","1","90","","1"
"4006","1","95","","1"
"4007","1","80","","1"
"4008","1","80","","1"
"4009","1","96.07","","1"
"4010","1","90","","1"
"4011","1","89","","1"
"4012","0","","","NA"
"5001","1","100","","1"
"5002","1","95","","1"
"5003","1","92","","1"
"5004","1","90","","1"
"5005","1","100","","1"
"5006","1","85","","1"
"5007","1","90","","1"
"5008","1","70","","1"
"5009","1","97","","1"
"5010","1","91","","1"
"5011","1","95","","1"
"5012","1","100","","1"
"5013","1","100","","1"
"5014","1","54","","1"
"5015","1","99","","1"
"5016","1","90","","1"
"5017","1","92","","1"
"5018","1","91","","1"
"5019","1","90","","1"
"5020","1","95","","1"
"5021","1","92","","1"
"5022","1","95","","1"
"5023","1","90","","1"
"5024","1","97","","1"
"5025","1","99.1","","1"
"5026","1","96","","1"
"5027","1","93","","1"
"5028","1","98","","1"
"5029","1","98","","1"
"5030","1","98","","1"
"5031","1","94","","1"
"5032","1","98","","1"
"5033","1","95","","1"
"5034","1","85","","1"
"5035","1","99","","1"
"5036","1","100","","1"
"5037","1","100","","1"
"5038","1","99","","1"
"6001","1","95","","1"
"6002","1","100","","1"
"6003","1","99","","1"
"6004","1","99","","1"
"6005","1","99","","1"
"6006","1","95","","1"
"6007","1","99","","1"
"6008","1","95","","1"
"6009","1","100","","1"
"6010","1","100","","1"
"7001","1","80","","1"
"7002","1","NSS","1","1"
"7003","1","70","","1"
"7004","1","80","","1"
"7005","1","80","","1"
"7006","1","20","","1"
"7007","1","80","","1"
"7008","1","90","","1"
"7009","1","70","","1"
"7010","1","80","","1"
"7011","1","80","","1"
"7012","1","NSS","1","1"
"7013","1","80","","1"
"7014","1","80","","1"
"7015","1","80","","1"
"7016","1","80","","1"
"7017","1","90","","1"
"7018","1","60","","1"
"7019","1","70","","1"
"7020","1","80","","1"
"7021","1","80","","1"
"7022","1","80","","1"
"7023","1","100","","2"
"7024","1","80","","1"
"7025","1","80","","1"
"7026","1","80","","1"
"7027","1","85","","1"
"7028","1","99","","1"
"7029","1","90","","1"
"7030","1","80","","1"
"7031","1","80","","1"
"7032","1","80","","1"
"7033","1","80","","1"
"7034","1","80","","1"
"7035","1","75","","1"
"7036","1","80","","1"
"7037","1","85","","1"
"7038","1","80","","1"
"7039","1","70","","1"
"7040","1","100","","1"
"7041","1","80","","1"
"7042","1","90","","1"
"7043","1","95","","1"
"7044","1","80","","1"
"7045","1","95","","1"
"7046","1","80","","1"
"7047","1","80","","1"
"7048","1","95","","1"
"7049","1","80","","1"
"7050","1","80","","1"
"7051","1","70","","1"
"7052","1","80","","1"
"7053","1","80","","1"
"7054","1","80","","1"
"7055","1","45","","1"
"7056","1","80","","1"
"7057","1","10","","1"
"7058","1","90","","1"
"7059","1","80","","1"
"7060","1","70","","1"
"7061","1","80","","1"
"7062","1","85","","1"
"7063","1","100","","1"
"7064","1","80","","1"
"7065","1","80","","1"
"7066","1","80","","1"
"7067","1","90","","1"
"7068","1","95","","1"
"7069","1","100","","1"
"7070","1","80","","1"
"7071","1","NSS","1","1"
"7072","1","80","","1"
"7073","1","80","","1"
"7074","1","95","","1"
"7075","1","70","","1"
"7076","1","80","","1"
"7077","1","80","","1"
"7078","1","80","","1"
"7079","1","75","","1"
"7080","1","80","","1"
"7081","1","100","","1"
"7082","1","70","","1"
"7083","1","95","","1"
"7084","1","80","","1"
"7085","1","80","","1"
"7086","1","80","","1"
"7087","1","80","","1"
"7088","1","85","","1"
"7089","1","57","","1"
"7090","1","80","","1"
"7091","1","95","","1"
"7092","1","90","","1"
"7093","1","80","","1"
"7094","1","80","","1"
"7096","1","40","","1"
"7097","1","NSS","1","1"
"7098","1","95","","1"
"7099","1","80","","1"
"7100","1","90","","1"
"7101","1","90","","1"
"7102","1","80","","1"
"7103","1","90","","1"
"7104","1","90","","1"
"7105","1","90","","1"
"7106","1","80","","1"
"7107","1","90","","1"
"7108","1","90","","1"
"7109","1","80","","1"
"7110","1","95","","1"
"7111","1","NSS","1","1"
"7112","1","85","","1"
"7113","1","80","","1"
"7114","1","95","","1"
"7115","1","70","","1"
"7116","1","80","","1"
"7117","1","80","","1"
"7118","1","60","","1"
"7119","1","30","","1"
"7120","1","80","","1"
"7121","1","80","","1"
"7122","1","90","","1"
"7123","1","90","","1"
"7124","1","87","","1"
"7125","2","NA","","NA"
"8001","1","100","","1"
"8002","1","100","","1"
"8003","1","90","","1"
"8004","1","95","","1"
"8005","1","95","","1"
"8006","1","92","","1"
"8007","1","100","","1"
"8008","1","80","","1"
"8009","1","35","","3"
"8010","1","100","","1"
"8011","1","99.99","","1"
"8012","1","50","","1"
"8013","1","95","","1"
"8014","1","100","","1"
"8015","1","95","","1"
"8016","1","95","","2"
"8017","1","97","","3"
"8018","1","100","","1"
"8019","1","91","","1"
"8020","1","80","","1"
"8021","1","98","","1"
"8022","1","90","","19"
"8023","1","100","","1"
"8024","1","98","","1"
"8025","1","90","","1"
"8026","1","100","","1"
"8027","1","90","","1"
"8028","1","80","","2"
"8029","1","95","","1"
"8030","1","90","","1"
"8031","1","100","","7"
"8032","1","96","","1"
"8033","1","100","","1"
"8034","1","100","","1"
"8035","1","90","","1"
"8036","1","99.8","","1"
"8037","1","97","","1"
"8038","1","100","","1"
"8039","1","100","","1"
"8040","1","99","","1"
"8041","1","100","","1"
"8042","1","100","","1"
"8043","1","95","","1"
"8044","1","97","","5"
"8045","1","98","","1"
"8046","1","100","","1"
"8047","1","70","","1"
"8048","1","100","","1"
"8049","1","95","","1"
"8050","1","98.5","","1"
"8051","1","95","","1"
"8052","1","98","","1"
"8053","1","98","","4"
"8054","1","90","","1"
"8055","1","100","","1"
"8056","1","85","","1"
"8057","1","99","","1"
"8058","1","90","","6"
"8059","1","93","","5"
"8060","1","95","","1"
"8061","1","99","","1"
"8062","1","96","","1"
"8063","1","90","","1"
"8064","1","95","","1"
"8065","1","70","","1"
"8066","1","80","","1"
"8067","1","70","","1"
"9002","1","100","","2"
"9003","1","100","","2"
"9004","1","97.65","","2"
"9005","1","99.45","","2"
"9006","1","100","","2"
"9007","1","99","","2"
"9008","1","95","","2"
"9009","1","89","","2"
"9010","1","99","","2"
"9011","1","90","","2"
"9012","1","80","","2"
"9013","1","85","","2"
"9014","1","100","","2"
"9015","1","100","","2"
"9016","1","100","","2"
"9017","1","100","","1"
"10001","1","90","","1"
"10002","1","80","","1"
"10003","1","98","","1"
"10004","1","77","","1"
"10005","1","99.98","","1"
"10006","1","90","","1"
"10007","1","99","","1"
"10008","1","96","","1"
"10009","1","99","","1"
"10010","1","100","","1"
"10011","1","100","","1"
"10012","1","98","","1"
"10013","1","90","","1"
"10014","1","80","","1"
"10015","1","90","","1"
"10016","1","85","","1"
"10017","1","95","","1"
"10018","1","95","","1"
"10019","1","80","","1"
"10020","1","90","","1"
"10021","1","90","","1"
"10022","1","97","","16"
"10023","1","96","","1"
"10024","1","90","","1"
"10025","1","100","","1"
"10026","1","55","","1"
"10027","1","47","","1"
"10028","1","95","","1"
"10029","1","95","","1"
"10030","1","90","","1"
"10031","1","95","","1"
"10032","1","95","","1"
"10033","1","90","","1"
"10034","1","97","","1"
"10035","1","95","","1"
"10036","1","70","","1"
"10037","1","95","","1"
"10038","1","95","","1"
"10039","1","99","","1"
"11001","1","32","","1"
"11002","1","52","","1"
"11003","1","95","","1"
"11004","1","80","","1"
"11005","1","97","","1"
"11006","1","80","","5"
"11007","1","74","","1"
"11008","1","44","","1"
"11009","1","63","","1"
"11010","1","37","","1"
"11011","1","72","","1"
"11012","1","90","","1"
"11013","1","98","","1"
"11014","1","97","","1"
"11015","1","68","","1"
"11016","1","27","","1"
"11017","1","78","","1"
"11018","1","98","","1"
"11019","1","16","","1"
"11020","1","97","","1"
"11021","1","89","","1"
"11022","1","96","","1"
"11023","1","95","","1"
"11024","1","89","","1"
"11025","1","96","","1"
"11026","1","38","","1"
"11027","1","59","","1"
"11028","1","38","","1"
"11029","1","65","","1"
"11030","1","31","","1"
"11031","1","92","","1"
"11032","1","40","","1"
"11033","1","60","","1"
"11034","1","80","","1"
"11035","1","96","","1"
"11036","1","59","","1"
"11037","1","80","","1"
"11038","1","90.3","","1"
"11039","1","97","","1"
"11040","1","80","","11"
"11041","1","80","","1"
"11042","1","95","","1"
"11043","1","80","","5"
"11044","1","80","","1"
"11045","1","90","","1"
"11046","1","80","","1"
"12001","1","92","","1"
"12002","1","80","","1"
"12003","1","60","","19"
"12004","1","80","","1"
"12005","1","48","","1"
"12006","1","62","","1"
"12007","1","60","","1"
"12008","1","30","","1"
"12009","1","80","","1"
"12010","1","80","","1"
"12011","1","80","","1"
"12012","1","26","","1"
"12013","1","90","","2"
"12014","1","47","","8"
"12015","1","95","","1"
"12016","1","10","","1"
"12017","1","80","","1"
"12018","1","38","","1"
"12019","2","NA","","NA"
"12020","1","80","","1"
"12021","1","80","","45"
"12022","1","15","","1"
"12023","1","42","","1"
"12024","1","28","","1"
"12025","1","50","","11"
"12026","1","80","","1"
"12027","1","80","","1"
"12028","1","80","","1"
"12029","1","78","","5"
"12030","1","60","","20"
"12031","1","25","","1"
"12032","1","20","","1"
"12033","1","80","","1"
"12034","1","45","","1"
"12035","1","88","","1"
"12036","1","80","","1"
"12037","1","45","","1"
"12038","1","87","","25"
"12039","1","35","","9"
"12040","1","47","","1"
"12041","1","80","","1"
"12042","1","26","","1"
"12043","1","NSS","1","1"
"12044","1","40","","1"
"12045","1","80","","1"
"12046","1","90","","1"
"12047","1","10","","1"
"12048","1","95","","1"
"12049","1","60","","1"
"12050","1","95","","1"
"12051","1","70","","1"
"12052","1","16","","1"
"12053","1","40","","1"
"12054","1","80","","1"
"12055","1","80","","1"
"12056","1","75","","1"
"12057","1","25","","1"
"12058","1","70","","5"
"12059","1","75","","11"
"12060","1","60","","2"
"12061","1","67","","1"
"12062","1","22","","10"
"12063","1","80","","1"
"12064","1","99","","1"
"12065","1","80","","1"
"12066","1","45","","1"
"12067","1","90.554","","10"
"12068","1","15","","1"
"12069","1","80","","1"
"12070","1","68","","1"
"12071","1","24","","6"
"12072","1","15","","1"
"12073","1","20","","1"
"12074","1","80","","3"
"12075","1","50","","2"
"12076","1","80","","1"
"12077","1","43","","1"
"12078","1","80","","1"
"12079","1","10","","1"
"12080","1","80","","1"
"12081","1","17","","1"
"13001","1","70","","18"
"13002","1","80","","1"
"13003","1","74","","13"
"13004","1","27","","1"
"13005","1","94","","1"
"13006","1","90","","23"
"13007","1","90","","1"
"13008","1","80","","1"
"13009","1","98.4","","7"
"13010","1","90","","7"
"13011","1","90","","1"
"13012","1","22","","4"
"13013","1","80","","3"
"13014","1","90","","1"
"13015","1","100","","1"
"13016","1","95","","2"
"13017","1","80","","1"
"13018","1","100","","1"
"13019","1","NSS","1","17"
"13020","1","98","","1"
"13021","1","90","","4"
"13022","1","NSS","1","1"
"13023","1","85","","1"
"13024","1","26","","1"
"13025","1","70","","1"
"13026","1","80","","1"
"13027","1","NSS","1","1"
"13028","1","90","","1"
"13029","1","90","","7"
"13030","1","98","","1"
"13031","1","100","","1"
"13032","1","75","","1"
"13033","1","90","","1"
"13034","1","83","","3"
"13035","1","95","","1"
"13036","1","90","","1"
"13037","1","90","","1"
"13038","1","30","","3"
"13039","1","NSS","1",""
"13040","1","100","","1"
"13041","1","98","","1"
"13042","1","88","","1"
"13043","1","80","","1"
"13044","1","90","","3"
"13045","1","100","","1"
"13046","1","90","","42"
"13047","1","100","","5"
"13048","1","99.12","","1"
"13049","1","80","","1"
"13050","1","90","","1"
"13051","1","NSS","1",""
"13052","1","90","","1"
"13053","1","90","","1"
"13054","1","97","","15"
"13055","1","95","","21"
"13056","1","100","","1"
"13057","1","NSS","1","1"
"13058","1","100","","1"
"13059","1","85","","1"
"13060","1","90","","1"
"13061","1","93","","5"
"13062","1","80","","1"
"13063","1","90","","10"
"13064","1","85","","4"
"13065","1","99","","1"
"13066","1","95","","1"
"13067","1","98","","11"
"13068","1","90","","1"
"13069","1","85","","1"
"13070","1","NSS","1","2"
"13071","1","80","","1"
"13072","1","90","","1"
"13073","1","80","","1"
"13074","1","90","","4"
"13075","1","97","","1"
"13076","1","83","","1"
"13077","1","90","","12"
"13078","1","NSS","1","1"
"13079","1","95","","1"
"13080","1","80","","1"
"13081","1","90","","1"
"13082","1","NSS","1",""
"13083","1","98","","5"
"13084","1","70","","1"
"14001","1","70","","1"
"14002","1","95","","1"
"14003","1","95","","1"
"14004","1","99.5","","1"
"14005","1","90","","1"
"14006","1","95.27","","1"
"14007","1","90","","1"
"14008","1","95.58","","1"
"14009","1","80","","1"
"14010","1","90","","1"
"14011","1","98","","1"
"14012","1","70","","1"
"14013","1","95","","1"
"14014","1","99","","1"
"14015","1","90","","1"
"14016","1","90","","1"
"14017","1","100","","1"
"14018","1","90","","1"
"14019","1","90","","1"
"14020","1","98","","1"
"14021","1","86","","1"
"14022","1","90","","1"
"14023","1","96","","1"
"14024","1","99","","1"
"14025","1","98","","1"
"14026","1","100","","1"
"14027","1","90","","1"
"14028","1","95","","1"
"14029","1","70","","1"
"14030","1","98","","1"
"14031","1","90","","1"
"14032","1","93","","1"
"14033","1","95","","1"
"14034","1","90","","1"
"14035","1","92","","1"
"14036","1","98","","1"
"14037","1","95","","1"
"14038","1","92","","1"
"14039","1","100","","1"
"14040","1","80","","1"
"14041","1","100","","1"
"14042","1","95","","1"
"14043","1","96","","2"
"14044","1","90","","1"
"14045","1","60","","1"
"14046","1","89","","1"
"14047","1","99","","2"
"14048","1","97","","1"
"14049","1","99","","1"
"14050","1","80","","2"
"14051","1","96","","1"
"14052","1","100","","1"
"14053","1","90","","1"
"14054","1","100","","1"
"14055","1","98","","1"
"14056","1","90","","1"
"14057","1","85","","1"
"14058","1","80","","1"
"14059","1","97","","1"
"14060","1","96","","1"
"14061","1","100","","1"
"14062","1","96","","1"
"14063","1","90","","1"
"14064","1","95","","1"
"14065","1","95","","1"
"14066","1","90","","1"
"14067","1","98.8","","1"
"14068","1","85","","1"
"14069","1","90","","1"
"14070","1","90","","1"
"14071","1","100","","1"
"14072","1","95","","1"
"14073","1","98","","1"
"14074","1","96","","1"
"14075","1","98","","1"
"14076","1","100","","1"
"14077","1","92","","1"
"14078","1","99","","1"
"14079","1","80","","1"
"14080","1","100","","1"
"14081","1","98","","1"
"14082","1","99","","1"
"14083","1","80","","1"
"14084","1","80","","1"
"14085","1","80","","2"
"14086","1","90","","1"
"14087","1","97","","1"
"14088","1","90","","1"
"14089","1","99","","1"
"14090","1","97","","1"
"14091","1","85","","1"
"14092","1","90","","1"
"14093","1","96","","1"
"14094","1","99","","1"
"14095","1","90","","1"
"14096","1","95","","1"
"14097","1","88","","1"
"14098","1","96","","2"
"14099","1","99","","1"
"14100","1","90","","1"
"14101","1","80","","1"
"14102","1","100","","1"
"14103","1","100","","1"
"14104","1","90","","1"
"14105","1","90","","1"
"14106","1","100","","1"
"14107","1","90","","1"
"14108","1","96","","1"
"14109","1","98","","1"
"14110","1","80","","1"
"14111","1","90","","1"
"14112","1","99","","1"
"14113","1","80","","1"
"14114","1","95","","1"
"14115","1","90","","1"
"14116","1","80","","1"
"14117","1","90","","1"
"14118","1","90","","1"
"14119","1","99","","1"
"14120","1","100","","2"
"14121","1","100","","1"
"14122","1","100","","1"
"14123","1","60","","1"
"14124","1","92","","1"
"14125","1","95","","1"
"15001","1","20","","1"
"15002","1","80","","1"
"15003","1","70","","1"
"15004","1","100","","1"
"15005","1","70","","1"
"15006","1","95","","1"
"15007","1","30","","1"
"15008","1","60","","1"
"15009","1","98","","1"
"15010","1","90","","1"
"15011","1","95","","7"
"15012","1","100","","1"
"15013","1","98","","1"
"15014","1","90","","3"
"15015","1","90","","1"
"15016","1","90","","1"
"15017","1","85","","1"
"15018","1","82","","1"
"15019","1","25","","1"
"15020","1","93","","3"
"15021","1","40","","1"
"15022","1","80","","1"
"15023","1","90","","5"
"15024","1","100","","1"
"15025","1","99","","1"
"15026","1","90","","5"
"15027","1","90","","1"
"15028","1","85","","13"
"15029","1","95","","1"
"15030","1","85","","4"
"15031","1","96","","1"
"15032","1","15","","1"
"15033","1","89","","11"
"15034","1","90","","2"
"15035","1","100","","4"
"15036","1","100","","5"
"15037","1","96","","7"
"15038","1","NSS","1","1"
"15039","1","85","","9"
"15040","1","83","","1"
"15041","1","95","","1"
"15042","1","95","","1"
"15043","1","75","","1"
"15044","1","99.88","","1"
"15045","1","87","","1"
"15046","1","NSS","1",""
"15047","1","15","","4"
"15048","1","85","","1"
"15049","1","95","","2"
"15050","1","90","","1"
"15051","1","90","","1"
"15052","1","NSS","1","1"
"15053","1","80","","3"
"15054","1","90","","1"
"15055","1","100","","1"
"15056","1","90","","1"
"15057","1","99","","1"
"15058","1","99.8","","1"
"15059","1","80","","5"
"15060","1","82.6","","1"
"15061","1","95","","1"
"15062","1","85","","1"
"15063","1","16","","1"
"15064","1","91","","1"
"15065","1","98","","1"
"15066","1","92","","1"
"15067","1","90","","1"
"15068","1","95","","1"
"15069","1","100","","1"
"15070","1","85","","2"
"15071","1","78","","1"
"15072","1","90","","1"
"15073","1","95","","1"
"15074","1","80","","1"
"15075","1","85","","5"
"15076","1","95","","1"
"15077","1","70","","1"
"15078","1","80","","1"
"15079","1","70","","1"
"15080","1","95","","1"
"15081","1","85","","6"
"15082","1","98","","1"
"15083","1","90","","3"
"15084","1","90","","5"
"15085","1","90","","1"
"15086","1","86","","1"
"15087","1","100","","1"
"15088","1","90","","1"
"15089","1","90","","1"
"15090","1","90","","1"
"15091","1","92","","10"
"15092","1","80","","1"
"15093","1","75","","8"
"15094","1","97","","1"
"15095","1","75","","1"
"15096","1","74","","5"
"15097","1","80","","1"
"15098","1","100","","1"
"15099","1","70","","1"
"15100","1","72","","5"
"15101","1","97","","1"
"15102","1","90","","1"
"15103","1","95","","1"
"15104","1","99.7","","1"
"15105","1","72","","1"
"15106","1","96","","5"
"15107","1","NSS","1","1"
"15108","1","94","","3"
"15109","1","99","","1"
"15110","1","NSS","1","1"
"15111","1","60","","1"
"15112","1","82","","1"
"15113","1","80","","1"
"15114","1","85","","5"
"15115","1","90","","4"
"15116","1","100","","1"
"15117","1","90","","1"
"15118","1","91","","1"
"15119","1","80","","1"
"15120","1","100","","15"
"15121","1","95.22","","1"
"15122","1","98","","1"
"15123","1","60","","2"
"15124","1","66","","1"
"15125","1","100","","1"
"16001","1","88","","1"
"16002","1","57","","1"
"16003","1","92","","1"
"16004","1","100","","1"
"16005","1","80","","1"
"16006","1","93","","1"
"16007","1","85","","1"
"16008","1","60","","1"
"16009","1","49","","1"
"16010","1","50","","1"
"16011","1","99","","1"
"16012","1","26","","1"
"16013","1","85","","1"
"16014","1","90","","1"
"16015","1","71","","1"
"16016","1","18","","1"
"16017","1","95","","1"
"16018","1","33","","1"
"16019","1","75","","1"
"16020","1","37","","1"
"16021","1","80","","1"
"16022","1","95","","1"
"16023","1","63","","1"
"16024","1","80","","1"
"16025","1","90","","1"
"16026","1","99","","1"
"16027","1","28","","1"
"16028","1","90","","11"
"16029","1","36","","1"
"16030","1","37","","1"
"16031","1","90","","1"
"16032","1","16","","1"
"16033","1","57","","1"
"16034","1","92","","2"
"16035","1","40","","1"
"16036","1","57","","1"
"16037","1","33","","1"
"16038","1","57","","1"
"16039","1","70","","1"
"16040","1","90","","1"
"16041","1","80","","1"
"16042","1","36","","1"
"16043","1","92","","1"
"16044","1","38","","1"
"16045","1","80","","1"
"16046","1","90","","1"
"16047","1","98","","1"
"16048","1","80","","1"
"16049","1","80","","1"
"16050","1","95","","1"
"16051","1","99","","1"
"16052","1","67","","1"
"16053","1","97","","1"
"16054","1","90","","1"
"16055","1","85","","1"
"16056","1","NSS","1","1"
"16057","1","80","","1"
"16058","1","90","","1"
"16059","1","95","","1"
"16060","1","90","","1"
"16061","1","80","","1"
"16062","1","95","","1"
"16063","1","98","","1"
"16064","1","80","","1"
"16065","1","85","","1"
"16066","1","80","","1"
"16067","1","80","","2"
"16068","1","93","","1"
"16069","1","91","","1"
"16070","1","94","","1"
"16071","1","90","","1"
"16072","1","80","","1"
"16073","1","56","","1"
"16074","1","69","","1"
"16075","1","95","","1"
"16076","1","95","","1"
"16077","1","85","","1"
"16078","1","95","","1"
"16079","1","95","","1"
"16080","1","90","","1"
"16081","1","90","","1"
"16082","1","98","","1"
"16083","1","90","","1"
"16084","1","90","","1"
"16085","1","NSS","1","1"
"16086","1","98","","1"
"16087","1","96","","1"
"16088","1","86","","1"
"16089","1","61","","1"
"16090","1","50","","1"
"16091","1","52","","1"
"16092","1","26","","1"
"16093","1","93","","1"
"16094","1","95","","1"
"16095","1","95","","1"
"16096","1","33","","1"
"16097","1","100","","1"
"16098","1","85","","1"
"16099","1","80","","1"
"16100","1","NSS","1","1"
"16101","1","12","","1"
"16102","1","84","","1"
"16103","1","51","","1"
"16104","1","19","","1"
"16105","1","85","","1"
"16106","1","90","","1"
"16107","1","95","","1"
"16108","1","95","","1"
"16109","1","90","","1"
"16110","1","95","","1"
"16111","1","90","","1"
"16112","1","80","","1"
"16113","1","70","","1"
"17001","1","80","","11"
"17002","1","70","","4"
"17003","1","80","","9"
"17004","1","80","","17"
"17005","1","90","","1"
"17006","1","85","","24"
"17007","1","92","","1"
"17008","1","92","","3"
"17009","1","NSS","1","2"
"17010","1","90","","4"
"17011","1","97.7","","1"
"17012","1","98","","14"
"17013","1","60","","4"
"17014","1","90","","2"
"17015","1","85","","10"
"17016","1","95.9","","7"
"17017","1","90","","1"
"17018","1","93.1","","8"
"17019","1","81","","10"
"17020","1","70","","9"
"17021","1","90","","3"
"17022","1","99","","3"
"17023","1","80","","1"
"17024","1","90","","21"
"17025","1","90","","1"
"17026","1","85","","6"
"17027","1","70","","1"
"17028","1","90","","8"
"17029","1","85","","14"
"17030","1","90","","16"
"17031","1","98","","2"
"17032","1","90","","1"
"17033","1","85","","3"
"17034","1","90","","1"
"17035","1","70","","1"
"17036","1","80","","1"
"18001","1","85","","30"
"18002","1","90","","9"
"18003","1","85","","7"
"18004","1","98","","12"
"18005","1","92","","9"
"18006","1","90","","14"
"18007","1","80","","1"
"18008","1","99","","20"
"18009","1","80","","2"
"18010","1","100","","34"
"18011","1","95","","19"
"18012","1","100","","5"
"18013","1","100","","9"
"18014","1","100","","21"
"18015","1","95","","39"
"18016","1","100","","14"
"18017","1","97","","31"
"18018","1","99.725","","2"
"18019","1","85","","3"
"18020","1","98","","1"
"19001","1","99","","1"
"19002","1","99","","1"
"19003","1","99","","1"
"19004","1","99","","1"
"19005","1","99","","1"
"19006","1","99","","1"
"19007","1","99","","1"
"19008","1","99","","1"
"19009","1","99","","1"
"19010","1","99","","1"
"19011","1","99","","1"
"19012","1","99","","1"
"19013","1","99","","1"
"19014","1","99","","1"
"19015","1","99","","1"
"19016","1","99","","1"
"19017","1","99","","1"
"19018","1","99","","1"
"19019","1","99","","1"
"19020","1","99","","1"
"19021","1","99","","1"
"19022","1","99","","1"
"19023","1","99","","1"
"19024","1","99","","1"
"19025","1","99","","1"
"19026","1","99","","1"
"19027","1","99","","1"
"19028","1","99","","1"
"19029","1","99","","1"
"19030","1","99","","1"
"19031","1","99","","1"
"19032","1","99","","1"
"19033","1","99","","1"
"19034","1","99","","1"
"19035","1","99","","1"
"19036","1","99","","1"
"19037","1","99","","1"
"19038","1","99","","1"
"19039","1","99","","1"
"19040","1","99","","1"
"19041","1","99","","1"
"19042","1","99","","1"
"19043","1","99","","1"
"19044","1","99","","1"
"19045","1","99","","1"
"19046","1","99","","1"
"19047","1","99","","1"
"19048","1","99","","1"
"19049","1","99","","2"
"19050","1","99","","1"
"19051","1","99","","1"
"20001","1","100","","1"
"20002","1","100","","1"
"20003","1","31","","1"
"20004","1","95","","1"
"20005","1","50","","1"
"20006","1","80","","1"
"20007","1","94","","1"
"20008","1","59","","1"
"20009","1","57","","1"
"20010","1","75","","2"
"20011","1","21","","2"
"20012","1","50","","1"
"20013","1","100","","1"
"20014","1","80","","1"
"20015","1","20","","1"
"20016","1","22","","1"
"20017","1","21","","1"
"20018","1","37","","1"
"20019","1","23","","1"
"20020","1","38","","1"
"20021","1","100","","1"
"20022","1","54","","1"
"20023","1","59","","6"
"20024","1","30","","1"
"20025","1","90","","1"
"20026","1","30","","1"
"20027","1","67","","1"
"20028","1","98","","1"
"20029","1","60","","1"
"20030","1","98","","1"
"20031","1","30","","1"
"20032","1","28","","1"
"20033","1","99","","2"
"20034","1","61","","1"
"20035","1","100","","1"
"20036","1","80","","2"
"20037","1","22","","1"
"20038","1","100","","1"
"20039","1","70","","1"
"20040","1","50","","1"
"20041","1","60","","1"
"20042","1","40","","1"
"20043","1","78","","1"
"20044","1","77","","1"
"20045","1","38","","1"
"20046","1","19","","1"
"20047","1","95","","1"
"20048","1","50","","1"
"20049","1","50","","1"
"20050","1","12","","1"
"20051","1","75","","1"
"20052","1","85","","1"
"20053","1","99","","1"
"20054","1","90","","1"
"20055","1","75","","1"
"20056","1","66","","1"
"20057","1","46","","1"
"20058","1","80","","1"
"20059","1","40","","1"
"20060","1","45","","1"
"20061","1","23","","1"
"20062","1","100","","1"
"20063","1","80","","1"
"20064","1","24","","1"
"20065","1","56","","1"
"20066","1","60","","1"
"20067","1","85","","1"
"20068","1","73","","1"
"20069","1","82","","1"
"20070","1","90","","1"
"20071","1","20","","1"
"20072","1","44","","1"
"20073","1","37","","1"
"20074","1","100","","1"
"20075","1","90","","1"
"20076","1","90","","1"
"20077","1","54","","1"
"20078","1","100","","1"
"20079","1","96","","1"
"20080","1","98","","1"
"20081","1","70","","1"
"20082","1","49","","1"
"20083","1","80","","1"
"20084","1","99","","1"
"20085","1","11","","1"
"20086","1","55","","1"
"20087","1","70","","1"
"20088","1","13","","1"
"20089","1","48","","1"
"20090","1","60","","1"
"20091","1","80","","1"
"20092","1","72","","1"
"20093","1","95","","1"
"20094","1","11","","1"
"20095","2","NA","","NA"
"20096","1","78","","1"
"20097","1","70","","1"
"20098","1","40","","1"
"20099","1","99","","1"
"20100","1","100","","1"
"20101","1","100","","1"
"20102","1","90","","1"
"20103","1","10","","1"
"20104","1","54","","1"
"20105","1","15","","1"
"20106","1","98","","1"
"20107","1","70","","1"
"20108","1","100","","1"
"20109","1","100","","1"
"20110","1","10","","1"
"20111","1","60","","1"
"20112","1","100","","1"
"20113","1","80","","1"
"20114","1","90","","1"
"20115","1","80","","2"
"20116","1","20","","1"
"20117","1","57","","1"
"20118","1","95","","1"
"20119","1","98","","2"
"20120","1","100","","1"
"20121","1","80","","1"
"20122","1","98","","1"
"20123","1","61","","1"
"20124","1","67","","1"
"20125","1","80","","1"
"20126","1","80","","1"
"20127","1","38","","1"
"20128","1","100","","1"
"20129","1","100","","1"
"20130","1","62","","1"
"20131","1","95","","9"
"20132","1","78","","1"
"20133","1","14","","1"
"20134","1","24","","1"
"20135","1","31","","3"
"20136","1","44","","1"
"20137","1","16","","1"
"20138","1","100","","1"
"20139","1","90","","1"
"20140","1","90","","1"
"20141","1","11","","1"
"20142","1","75","","1"
"20143","1","57","","1"
"20144","1","26","","1"
"20145","1","60","","1"
"20146","1","36","","1"
"20147","1","80","","1"
"20148","1","45","","1"
"20149","1","80","","1"
"20150","1","57","","1"
"20151","1","53.4","","1"
"20152","1","35","","1"
"20153","1","85","","1"
"20154","1","38","","1"
"20155","1","25","","1"
"20156","1","39","","1"
"20157","1","80","","1"
"20158","1","29","","1"
"20159","1","17","","1"
"20160","1","80","","1"
"20161","1","90","","1"
"20162","1","95","","1"
"20163","1","51","","1"
"20164","1","65","","1"
"20165","1","67","","1"
"20166","1","100","","1"
"20167","1","42","","1"
"20168","1","100","","1"
"20169","1","85","","1"
"20170","2","NA","","NA"
"20171","1","13","","1"
"20172","1","95","","1"
"20173","1","100","","1"
"20174","1","95","","1"
"20175","1","41","","1"
"20176","1","52","","1"
"20177","1","99","","1"
"20178","1","100","","1"
"20179","1","100","","1"
"20180","1","90","","1"
"20181","1","100","","1"
"20182","1","44","","1"
"20183","1","47","","1"
"20184","1","100","","1"
"20185","1","48","","1"
"20186","1","90","","1"
"20187","1","75","","1"
"20188","1","70","","1"
"20189","1","22","","1"
"20190","1","12","","1"
"20191","1","70","","1"
"20192","1","98","","1"
"20193","1","100","","1"
"20194","1","95","","1"
"20195","1","90","","5"
"20196","1","100","","1"
"20197","1","90","","1"
"20198","1","14","","1"
"20199","1","59","","1"
"20200","1","53","","1"
"20201","1","29","","1"
"20202","1","31","","1"
"20203","1","30","","1"
"20204","1","65","","1"
"20205","1","71","","1"
"20206","1","62","","1"
"20207","1","10","","1"
"20208","1","24","","1"
"20209","1","99","","1"
"20210","1","80","","1"
"20211","1","16","","1"
"20212","1","31","","1"
"20213","1","56","","1"
"20214","1","60","","1"
"20215","1","90","","1"
"20216","1","100","","1"
"20217","1","80","","1"
"20218","1","98","","1"
"20219","1","76","","1"
"20220","1","18","","1"
"20221","1","53","","4"
"20222","1","50","","1"
"20223","1","85","","1"
"20224","1","80","","1"
"20225","1","34","","1"
"20226","1","52","","1"
"20227","1","57","","3"
"20228","1","90","","1"
"20229","1","80","","1"
"20230","1","52","","1"
"20231","1","60","","1"
"20232","1","28","","1"
"20233","1","99","","1"
"20234","1","70","","1"
"20235","1","22","","1"
"20236","1","75","","1"
"20237","1","80","","1"
"20238","1","95","","1"
"20239","1","60","","1"
"20240","1","51","","1"
"20241","1","100","","1"
"20242","1","25","","1"
"20243","1","99","","1"
"20244","1","51","","1"
"20245","1","46","","1"
"20246","1","100","","1"
"20247","1","100","","1"
"20248","1","78","","1"
"20249","1","80","","1"
"20250","1","37","","1"
"20251","1","90","","1"
"20252","1","95","","4"
"20253","1","23","","1"
"20254","1","30","","1"
"20255","1","95","","1"
"20256","1","99","","1"
"20257","1","67","","1"
"20258","1","100","","1"
"20259","1","83","","1"
"20260","1","73","","1"
"20261","1","10","","1"
"20262","1","20","","1"
"20263","1","61","","1"
"20264","1","13","","1"
"20265","1","20","","1"
"20266","1","75","","1"
"20267","1","100","","1"
"20268","1","84","","1"
"20269","1","29","","1"
"20270","1","40","","1"
"20271","1","25","","1"
"20272","1","90","","1"
"20273","1","28","","1"
"20274","1","80","","1"
"20275","1","50","","1"
"20276","1","85","","1"
"20277","1","95","","1"
"20278","1","41","","1"
"20279","1","90","","1"
"20280","1","80","","1"
"20281","1","90","","1"
"20282","1","88","","1"
"20283","1","55","","1"
"20284","1","97","","1"
"20285","1","62","","1"
"20286","1","50","","1"
"20287","1","80","","1"
"20288","1","30","","1"
"20289","1","72","","1"
"20290","1","78","","1"
"20291","1","16","","1"
"20292","1","21","","1"
"20293","1","90","","1"
"20294","1","80","","4"
"20295","1","95","","1"
"20296","1","45","","1"
"20297","1","10","","1"
"20298","1","60","","1"
"20299","1","100","","1"
"20300","1","74","","1"
"20301","1","94","","1"
"20302","1","75","","1"
"20303","1","100","","1"
"20304","1","27","","1"
"20305","1","95","","1"
"20306","1","16","","1"
"20307","1","24","","1"
"20308","1","92","","1"
"20309","1","37","","1"
"20310","1","27","","1"
"20311","1","100","","1"
"20312","1","39","","1"
"20313","1","90","","1"
"20314","1","95","","1"
"20315","2","NA","","NA"
"20316","1","100","","1"
"20317","1","36","","1"
"20318","1","92","","3"
"20319","1","99","","1"
"20320","1","90","","1"
"20321","1","90","","1"
"20322","1","80","","1"
"20323","1","55","","1"
"20324","1","95","","1"
"20325","1","65","","2"
"20326","1","80","","1"
"20327","1","53","","1"
"20328","1","95","","1"
"20329","1","40","","1"
"20330","1","10","","1"
"20331","1","100","","1"
"20332","1","48","","1"
"20333","1","75","","1"
"20334","1","96","","2"
"20335","1","57","","1"
"20336","1","60","","1"
"20337","1","60","","1"
"20338","1","60","","1"
"20339","1","90","","1"
"20340","1","92","","2"
"20341","1","100","","1"
"20342","1","80","","1"
"20343","1","77","","1"
"20344","1","44","","1"
"20345","1","33","","1"
"20346","1","90","","1"
"20347","1","35","","1"
"20348","1","33","","1"
"20349","1","85","","1"
"20350","1","34","","1"
"20351","1","50","","1"
"20352","1","90","","1"
"20353","1","50","","1"
"20354","1","80","","1"
"20355","1","10","","1"
"20356","1","54","","1"
"20357","1","95","","3"
"20358","1","55","","1"
"20359","1","100","","1"
"20360","1","60","","1"
"20361","1","100","","1"
"20362","1","93","","1"
"20363","1","28","","1"
"20364","1","85","","1"
"20365","1","17","","1"
"20366","1","75","","1"
"20367","1","90","","1"
"20368","1","90","","1"
"20369","1","100","","1"
"20370","1","95","","1"
"20371","1","85","","1"
"20372","1","25","","1"
"20373","1","70","","1"
"20374","1","90","","1"
"20375","1","90","","1"
"20376","1","100","","1"
"20377","1","90","","1"
"20378","1","36","","1"
"20379","1","90","","1"
"20380","1","97","","1"
"20381","1","75","","1"
"20382","1","53","","1"
"20383","1","19","","1"
"20384","1","83","","1"
"20385","1","80","","6"
"20386","1","70","","1"
"20387","1","70","","1"
"20388","1","95","","1"
"20389","1","100","","1"
"20390","1","80","","2"
"20391","1","53","","1"
"20392","1","70","","1"
"20393","1","80","","1"
"20394","1","38","","1"
"20395","1","30","","1"
"20396","1","75","","1"
"20397","1","70","","1"
"20398","1","90","","1"
"20399","1","80","","1"
"20400","1","95","","1"
"20401","1","95","","2"
"20402","1","100","","1"
"20403","1","80","","1"
"20404","1","63","","1"
"20405","1","68","","1"
"20406","2","NA","","NA"
"20407","1","26","","1"
"20408","1","70","","1"
"20409","1","95","","3"
"20410","1","13","","1"
"20411","1","98","","1"
"20412","1","51","","1"
"20413","1","90","","2"
"20414","1","43","","1"
"20415","1","42","","1"
"20416","1","90","","1"
"20417","1","100","","1"
"20418","1","76","","1"
"20419","1","100","","1"
"20420","1","60","","1"
"20421","1","99","","1"
"20422","1","98","","1"
"20423","1","12","","1"
"20424","1","27","","1"
"20425","1","69","","1"
"20426","1","80","","1"
"20427","1","14","","1"
"20428","1","45","","1"
"20429","1","90","","3"
"20430","1","99","","1"
"20431","1","75","","1"
"20432","1","100","","1"
"20433","2","NA","","NA"
"20434","1","17","","1"
"20435","1","38","","1"
"20436","1","95","","1"
"20437","1","37","","1"
"20438","1","15","","1"
"20439","1","80","","1"
"20440","1","97","","1"
"20441","1","93","","1"
"20442","1","100","","1"
"20443","1","100","","1"
"20444","1","64","","4"
"20445","1","65","","1"
"20446","1","90","","1"
"20447","1","35","","1"
"20448","1","98","","1"
"20449","1","54","","1"
"20450","1","10","","1"
"20451","1","26","","1"
"20452","1","85","","1"
"20453","1","70","","2"
"20454","1","15","","1"
"20455","1","80","","1"
"20456","1","90","","1"
"20457","1","21","","1"
"20458","1","66","","1"
"20459","1","46","","1"
"20460","1","19","","1"
"20461","1","60","","1"
"20462","1","43","","1"
"20463","1","33","","1"
"20464","1","59","","1"
"20465","1","90","","1"
"20466","1","16","","1"
"20467","1","90","","1"
"20468","1","85","","1"
"20469","1","92","","1"
"20470","1","60","","4"
"20471","1","100","","1"
"20472","1","75","","1"
"20473","1","75","","1"
"20474","1","56","","1"
"20475","1","36","","1"
"20476","1","85","","1"
"20477","1","60","","1"
"20478","1","90","","2"
"20479","1","100","","1"
"20480","1","10","","1"
"20481","1","19","","1"
"20482","1","65","","1"
"20483","1","76","","1"
"20484","1","51","","1"
"20485","1","47","","1"
"20486","1","95","","1"
"20487","1","23","","1"
"20488","1","87.3","","1"
"20489","1","24","","1"
"20490","1","25","","1"
"20491","1","21","","1"
"20492","1","80","","1"
"20493","1","71","","1"
"20494","1","80","","1"
"20495","1","27","","1"
"20496","1","80","","1"
"20497","1","90","","1"
"20498","1","10","","1"
"20499","1","90","","1"
"20500","1","19","","1"
"20501","1","45","","1"
"20502","1","47","","1"
"20503","1","90","","1"
"20504","1","75","","1"
"20505","1","82","","1"
"20506","1","90","","1"
"20507","1","80","","1"
"20508","1","93","","1"
"20509","1","17","","1"
"20510","1","30","","1"
"20511","1","80","","1"
"20512","1","88","","1"
"20513","1","50","","1"
"20514","1","54","","1"
"20515","1","80","","1"
"20516","1","100","","1"
"20517","1","33","","1"
"20518","1","100","","1"
"20519","1","95","","1"
"20520","1","56","","1"
"20521","1","98","","1"
"20522","1","100","","1"
"20523","1","66","","1"
"20524","1","100","","1"
"20525","1","63","","1"
"20526","1","63","","1"
"20527","1","80","","1"
"20528","1","100","","1"
"20529","1","47","","1"
"20530","1","90","","1"
"20531","1","95","","1"
"20532","1","90","","1"
"20533","1","74","","1"
"20534","1","85","","1"
"20535","1","99","","2"
"20536","1","74","","1"
"20537","1","43","","1"
"20538","1","57","","1"
"20539","1","65","","1"
"20540","1","90","","1"
"20541","1","61","","1"
"20542","1","100","","1"
"20543","1","40","","1"
"20544","1","86","","1"
"20545","1","70","","1"
"20546","1","76","","1"
"20547","1","80","","1"
"20548","1","54","","1"
"20549","1","90","","1"
"20550","1","90","","1"
"20551","1","70","","1"
"20552","1","81","","1"
"20553","1","70","","1"
"20554","1","22","","1"
"20555","1","32","","1"
"20556","1","98","","1"
"20557","1","96","","1"
"20558","1","59","","1"
"20559","1","50","","1"
"20560","1","45","","1"
"20561","1","80","","1"
"20562","1","100","","1"
"20563","1","97","","1"
"20564","1","80","","1"
"20565","1","80","","3"
"20566","1","34","","2"
"20567","1","49","","1"
"20568","1","77","","1"
"20569","1","80","","1"
"20570","1","64","","1"
"21001","1","19","","1"
"21002","1","38","","1"
"21003","1","50","","1"
"21004","1","49","","1"
"21005","1","70","","1"
"21006","1","80","","5"
"21007","1","100","","1"
"21008","1","90","","1"
"21009","1","62","","1"
"21010","1","42","","1"
"21011","1","90","","1"
"21012","1","62","","4"
"21013","1","95","","1"
"21014","1","85","","1"
"21015","1","75","","1"
"21016","1","NSS","1",""
"21017","1","95","","1"
"21018","1","95","","1"
"21019","1","97","","1"
"21020","1","80","","1"
"21021","1","95","","1"
"21022","1","80","","1"
"21023","1","38","","1"
"21024","1","70","","2"
"21025","1","90","","1"
"21026","1","50","","1"
"21027","1","90","","1"
"21028","1","98","","1"
"21029","1","90","","1"
"21030","1","100","","1"
"21031","1","74","","1"
"21032","1","90","","1"
"21033","1","95","","1"
"21034","1","NSS","1","1"
"21035","1","NSS","1","1"
"21036","1","90","","1"
"21037","1","99","","1"
"21038","1","78","","1"
"21039","1","12","","1"
"21040","1","23","","1"
"21041","1","80","","3"
"21042","1","45","","1"
"21043","1","95","","1"
"21044","1","95","","1"
"21045","1","53","","1"
"21046","1","79","","2"
"21047","1","54","","1"
"21048","1","41","","1"
"21049","1","22","","1"
"21050","1","10","","1"
"21051","1","15","","1"
"21052","1","100","","1"
"21053","1","32","","1"
"21054","1","NSS","1","1"
"21055","1","40","","1"
"21056","1","63","","1"
"21057","1","16","","1"
"21058","1","70","","1"
"21059","1","56","","1"
"21060","1","90","","1"
"21061","1","50","","1"
"21062","1","90","","1"
"21063","1","85","","1"
"21064","1","23","","1"
"21065","1","15","","1"
"21066","1","25","","1"
"21067","1","60","","1"
"21068","1","NSS","1","2"
"21069","1","10","","1"
"21070","1","80","","3"
"21071","1","55","","1"
"21072","1","80","","1"
"21073","1","54","","1"
"21074","1","25","","1"
"21075","1","NSS","1","5"
"21076","1","20","","1"
"21077","1","30","","1"
"21078","1","NSS","1","1"
"21079","1","50","","3"
"21080","1","100","","2"
"21081","1","35","","1"
"21082","1","58","","1"
"21083","1","80","","1"
"21084","1","80","","1"
"21085","1","92","","1"
"21086","1","80","","1"
"21087","1","58","","1"
"21088","1","20","","1"
"21089","1","NSS","1","4"
"21090","1","10","","1"
"21091","1","99","","1"
"21092","1","90","","1"
"21093","1","97","","1"
"21094","1","48","","1"
"21095","1","100","","1"
"21096","1","90","","1"
"21097","1","67","","1"
"21098","1","25","","1"
"21099","1","18","","1"
"21100","1","NSS","1",""
"21101","1","32","","1"
"21102","1","98","","2"
"21103","1","90","","1"
"21104","1","95","","1"
"21105","1","90","","1"
"21106","1","12","","1"
"21107","1","17","","1"
"21108","1","90","","1"
"21109","1","17","","1"
"21110","1","10","","1"
"21111","1","80","","1"
"21112","1","28","","1"
"21113","1","28","","1"
"21114","1","94","","2"
"21115","1","20","","1"
"21116","1","70","","1"
"21117","1","100","","1"
"21118","1","63","","1"
"21119","1","40","","1"
"21120","1","80","","1"
"21121","1","45","","1"
"21122","1","35","","1"
"21123","1","80","","1"
"21124","1","100","","1"
"21125","1","82","","1"
"21126","1","95","","1"
"21127","1","70","","1"
"21128","1","95","","1"
"21129","1","60","","1"
"21130","1","55","","4"
"21131","1","100","","1"
"21132","1","50","","1"
"21133","1","100","","1"
"21134","1","52","","1"
"21135","1","100","","1"
"21136","1","95","","1"
"21137","1","30","","1"
"21138","1","97","","1"
"21139","1","20","","1"
"21140","1","75","","1"
"21141","1","25","","1"
"21142","1","85","","1"
"21143","1","80","","1"
"21144","1","75","","1"
"21145","1","10","","1"
"21146","1","100","","1"
"21147","1","70","","1"
"21148","2","NA","","NA"
"21149","1","53","","1"
"21150","1","80","","1"
"21151","1","64","","1"
"21152","1","22","","1"
"21153","1","NSS","1","1"
"21154","1","85","","2"
"21155","1","53","","1"
"21156","1","93","","1"
"21157","1","51","","1"
"21158","1","75","","1"
"21159","1","70","","1"
"21160","1","50","","1"
"21161","1","NSS","1","1"
"21162","1","90","","1"
"21163","1","85","","1"
"21164","1","90","","1"
"21165","1","100","","3"
"21166","1","50","","1"
"21167","1","10","","1"
"21168","1","90","","1"
"21169","1","NSS","1","1"
"21170","1","98","","1"
"21171","1","75","","1"
"21172","1","15","","1"
"21173","1","99","","1"
"21174","1","60","","1"
"21175","1","40","","1"
"21176","1","95","","1"
"21177","1","18","","1"
"21178","1","55","","1"
"21179","1","65","","1"
"21180","1","40","","1"
"21181","1","NSS","1","1"
"21182","1","90","","1"
"21183","1","95","","1"
"21184","1","10","","1"
"21185","1","30","","1"
"21186","1","97","","1"
"21187","1","80","","1"
"21188","1","19","","1"
"21189","1","NSS","1","1"
"21190","1","79","","1"
"21191","1","90","","1"
"21192","1","26","","1"
"21193","1","20","","1"
"21194","1","NSS","1","4"
"21195","1","90","","1"
"21196","1","68","","1"
"21197","1","80","","1"
"21198","2","NA","","NA"
"21199","1","NSS","1","1"
"21200","1","29","","1"
"21201","1","40","","1"
"21202","1","20","","1"
"21203","1","70","","1"
"21204","1","50","","1"
"21205","1","29","","1"
"21206","1","80","","1"
"21207","1","32","","1"
"21208","1","98","","1"
"21209","1","36","","1"
"21210","1","90","","4"
"21211","1","90","","1"
"21212","1","NSS","1","3"
"21213","1","NSS","1",""
"21214","1","90","","1"
"21215","1","90","","1"
"21216","1","80","","1"
"21217","1","15","","1"
"22001","1","93.11","","1"
"22002","1","80","","2"
"22003","1","80","","1"
"22004","1","86.6","","1"
"22005","1","97","","1"
"22006","1","72.11","","1"
"22007","1","92.33","","1"
"22008","1","87.85","","1"
"22009","1","78.46","","1"
"22010","1","80","","1"
"22011","1","80","","2"
"22012","1","75.36","","1"
"22013","1","80","","1"
"22014","1","80","","1"
"22015","1","80","","1"
"22016","1","99","","1"
"22017","1","94.33","","1"
"22018","1","92.72","","1"
"23001","1","95","","1"
"23002","1","98","","1"
"23003","1","100","","1"
"23004","1","94","","1"
"23005","1","100","","1"
"23006","1","90","","1"
"23007","1","98","","1"
"23008","1","100","","1"
"23009","1","90","","1"
"23010","1","97","","1"
"23011","1","97","","1"
"24001","1","80","","1"
"24002","1","40","","1"
"24003","1","75","","1"
"24004","1","87","","5"
"24005","1","85","","1"
"24006","1","60","","1"
"24007","1","50","","2"
"24008","1","90","","1"
"24009","1","40","","1"
"24010","1","30","","1"
"24011","1","80","","2"
"24012","1","40","","1"
"24013","1","94","","1"
"24014","1","75","","1"
"24015","1","85","","1"
"24016","1","95","","1"
"24017","1","70","","1"
"24018","1","90","","1"
"24019","1","70","","1"
"24020","1","98","","1"
"24021","1","60","","2"
"24022","1","70","","1"
"24023","1","60","","1"
"24024","1","80","","1"
"24025","1","85","","1"
"24026","1","70","","1"
"24027","1","75","","1"
"24028","1","96","","2"
"24029","1","70","","1"
"24030","1","80","","1"
"24031","1","80","","1"
"24032","1","89","","1"
"24033","1","80","","1"
"24034","1","70","","1"
"24035","1","95","","1"
"24036","1","80","","1"
"24037","1","80","","1"
"24038","1","70","","1"
"24039","1","85","","1"
"24040","1","70","","1"
"24041","1","90","","1"
"24042","1","70","","1"
"24043","1","80","","1"
"24044","1","80","","1"
"24045","1","50","","1"
"24046","1","50","","3"
"24047","1","80","","1"
"24048","1","85","","1"
"24049","1","80","","1"
"24050","1","80","","1"
"24051","1","80","","1"
"24052","1","70","","5"
"24053","1","52","","1"
"24054","1","60","","1"
"24055","1","70","","1"
"24056","1","95","","5"
"24057","1","95","","1"
"24058","1","35","","1"
"25001","1","98","","1"
"25002","1","99","","1"
"25003","1","98.7","","1"
"25004","1","90","","1"
"25005","1","NSS","1","1"
"25006","1","99.5","","1"
"25007","1","90","","1"
"25008","1","99","","1"
"25009","1","77","","1"
"25010","1","95","","1"
"25011","1","92.48","","1"
"25012","1","95","","1"
"25013","1","80","","1"
"25014","1","90","","1"
"25015","1","99","","1"
"25016","1","99","","1"
"25017","1","86","","1"
"25018","1","98","","1"
"26001","1","100","","1"
"26002","1","98.99","","1"
"26003","1","90","","1"
"26004","1","83.7","","1"
"26005","1","100","","1"
"26006","1","90","","1"
"26007","1","97","","1"
"26008","1","100","","1"
"26009","1","100","","1"
"26010","1","100","","1"
"26011","1","92","","1"
"26012","1","90","","1"
"26013","1","100","","1"
"26014","1","100","","1"
"26015","1","98","","1"
"26016","1","96","","1"
"26017","1","98","","1"
"26018","1","97","","1"
"26019","1","100","","1"
"26020","1","99","","1"
"26021","1","100","","1"
"26022","1","99","","1"
"26023","1","98","","1"
"26024","1","100","","1"
"26025","1","90","","1"
"26026","1","100","","1"
"26027","1","71","","1"
"26028","1","100","","1"
"26029","1","78","","1"
"26030","1","98","","1"
"26031","1","100","","1"
"26032","1","100","","1"
"26033","1","80","","1"
"26034","1","100","","1"
"26035","1","90","","1"
"26036","1","97","","1"
"26037","1","95","","1"
"26038","1","97","","1"
"26039","1","90","","1"
"26040","1","95","","1"
"26041","1","99","","1"
"26042","1","93","","1"
"26043","1","85","","1"
"26044","1","74","","1"
"26045","1","100","","1"
"26046","1","100","","1"
"26047","1","80","","1"
"26048","1","95","","1"
"26049","1","100","","1"
"26050","1","90","","1"
"26051","1","100","","1"
"26052","1","90","","1"
"26053","1","100","","1"
"26054","1","95","","1"
"26055","1","98","","1"
"26056","1","95","","1"
"26057","1","98.9","","1"
"26058","1","100","","1"
"26059","1","100","","1"
"26060","1","100","","1"
"26061","1","100","","1"
"26062","1","95","","1"
"26063","1","90","","1"
"26064","1","100","","1"
"26065","1","100","","1"
"26066","1","98","","1"
"26067","1","100","","1"
"26068","1","95","","1"
"26069","1","80","","1"
"26070","1","78","","1"
"26071","1","100","","1"
"26072","1","80","","1"
"27001","1","96","","1"
"27002","1","85","","1"
"27003","1","52","","1"
"27004","1","92","","1"
"27005","1","86","","1"
"27006","1","84","","1"
"27007","1","90","","1"
"27008","1","59","","1"
"27009","1","99","","1"
"27010","1","91","","1"
"27011","1","95","","1"
"27012","1","89","","1"
"27013","1","97","","1"
"27014","1","83","","1"
"27015","1","99","","1"
"27016","1","92","","1"
"27017","1","95","","2"
"28001","1","95","","1"
"28002","1","95","","1"
"28003","1","35","","1"
"28004","1","90","","1"
"28005","1","41","","1"
"28006","1","10","","1"
"28007","1","100","","1"
"28008","1","10","","1"
"28009","1","99","","1"
"28010","1","48","","1"
"28011","1","26","","1"
"28012","1","95","","1"
"28013","1","12","","1"
"28014","1","90","","1"
"28015","1","95","","1"
"28016","1","95","","1"
"28017","1","39","","1"
"28018","1","80","","1"
"28019","1","25","","1"
"28020","1","17","","1"
"28021","1","98","","1"
"28022","1","94","","1"
"28023","1","23","","1"
"28024","1","95","","1"
"28025","1","90","","1"
"28026","1","48","","1"
"28027","1","98","","1"
"28028","1","72","","1"
"28029","1","80","","1"
"28030","1","70","","1"
"28031","1","63","","1"
"28032","1","95","","1"
"28033","1","84","","1"
"28034","1","17","","1"
"28035","1","95","","1"
"28036","1","90","","1"
"28037","1","59","","1"
"28038","1","99","","1"
"28039","1","75","","1"
"28040","1","95","","1"
"28041","1","95","","1"
"28042","1","23","","1"
"28043","1","80","","1"
"29001","1","95","","2"
"29002","1","100","","4"
"29003","1","95","","9"
"29004","1","100","","18"
"29005","1","99","","7"
"29006","1","97","","8"
"29007","1","85","","5"
"29008","1","100","","8"
"29009","1","100","","3"
"29010","1","100","","7"
"29011","1","98","","4"
"29012","1","70","","8"
"29013","1","99","","22"
"29014","1","98","","10"
"29015","1","99","","23"
"29016","1","98","","1"
"29017","1","100","","1"
"29018","1","90","","10"
"29019","1","70","","5"
"29020","1","100","","3"
"29021","1","96","","6"
"29022","1","99","","4"
"29023","1","96","","9"
"29024","1","80","","9"
"29025","1","95","","12"
"29026","1","99","","10"
"29027","1","98","","1"
"29028","1","98","","3"
"29029","1","100","","7"
"29030","1","99","","8"
"29031","1","85","","8"
"29032","1","90","","6"
"29033","1","100","","9"
"29034","1","98","","31"
"29035","1","96","","2"
"29036","1","99","","5"
"29037","1","95","","3"
"29038","1","90","","6"
"29039","1","99","","4"
"29040","1","95","","8"
"29041","1","100","","5"
"29042","1","95","","1"
"29043","1","99","","11"
"29044","1","96","","1"
"29045","1","100","","1"
"29046","1","95","","2"
"29047","1","100","","2"
"29048","0","","","NA"
"29049","1","100","","1"
"29050","1","98","","1"
"29051","1","99","","1"
"29052","1","95","","1"
"29053","1","99","","1"
"29054","1","100","","1"
"29055","1","97","","1"
"29056","1","95","","1"
"29057","1","100","","2"
"29058","1","94","","4"
"29059","1","97","","1"
"29060","1","100","","1"
"30001","1","19","","1"
"30002","1","100","","1"
"30003","1","70","","1"
"30004","1","70","","2"
"30005","1","77","","2"
"30006","1","34","","1"
"30007","1","90","","1"
"30008","1","30","","1"
"30009","1","95","","2"
"30010","1","34","","1"
"30011","1","70","","1"
"30012","1","95","","1"
"30013","1","72","","1"
"30014","1","90","","2"
"30015","1","85","","1"
"30016","1","98","","1"
"30017","1","18","","1"
"30018","1","46","","1"
"30019","1","80","","1"
"30020","1","11","","1"
"30021","1","80","","1"
"30022","1","60","","1"
"30023","1","85","","1"
"30024","1","50","","1"
"30025","1","NSS","1","1"
"30026","1","98","","1"
"30027","1","11","","1"
"30028","1","100","","1"
"30029","1","80","","1"
"30030","1","85","","1"
"30031","1","90","","4"
"30032","1","58","","1"
"30033","1","83","","5"
"30034","1","92","","1"
"30035","1","45","","1"
"30036","1","100","","1"
"30037","1","70","","2"
"30038","1","98","","1"
"30039","1","95","","1"
"30040","1","98","","1"
"30041","1","90","","1"
"30042","1","43","","1"
"30043","1","70","","1"
"30044","1","96","","1"
"30045","1","90","","1"
"30046","1","55","","1"
"30047","1","28","","1"
"30048","1","23","","1"
"30049","1","90","","1"
"30050","1","70","","1"
"30051","1","NSS","1","1"
"30052","1","95","","1"
"30053","1","80","","1"
"30054","1","90","","1"
"30055","1","21","","1"
"30056","1","80","","1"
"30057","1","25","","1"
"30058","1","21","","1"
"30059","1","71","","1"
"30060","1","37","","1"
"30061","1","58","","1"
"30062","1","90","","1"
"30063","1","17","","2"
"30064","1","42","","1"
"30065","1","11","","2"
"30066","1","85","","1"
"30067","1","85","","1"
"30068","1","98","","1"
"30069","1","96","","1"
"30070","1","22","","1"
"30071","1","56","","1"
"30072","1","20","","1"
"30073","1","85","","1"
"30074","1","70","","1"
"30075","1","85","","1"
"30076","1","80","","2"
"30077","1","61","","1"
"30078","1","90","","1"
"30079","1","24","","1"
"30080","1","95","","1"
"30081","1","19","","1"
"30082","1","66","","1"
"30083","1","85","","1"
"30084","1","77","","1"
"30085","1","41","","1"
"30086","1","86","","1"
"30087","1","91","","1"
"30088","1","90","","1"
"30089","1","82","","1"
"30090","1","60","","1"
"30091","1","95","","1"
"30092","1","85","","1"
"30093","1","26","","1"
"30094","1","80","","1"
"30095","1","21","","1"
"30096","1","95","","1"
"30097","1","95","","1"
"30098","1","26","","1"
"30099","1","95","","3"
"30100","1","85","","1"
"30101","1","70","","1"
"30102","1","85","","1"
"30103","1","44","","1"
"30104","1","34","","1"
"30105","1","39","","1"
"30106","1","76","","1"
"30107","1","100","","1"
"30108","1","97","","1"
"30109","1","70","","1"
"30110","1","85","","1"
"30111","1","90","","1"
"30112","1","42","","1"
"30113","1","80","","1"
"30114","1","98","","5"
"30115","1","57","","1"
"30116","1","82","","1"
"30117","1","98","","1"
"30118","1","98","","1"
"30119","1","90","","1"
"30120","1","85","","1"
"30121","1","19","","1"
"30122","1","56","","1"
"30123","1","95","","1"
"30124","1","43","","1"
"30125","1","80","","1"
"30126","1","95","","1"
"30127","1","85","","1"
"30128","1","93","","1"
"30129","1","95","","1"
"30130","1","80","","1"
"30131","1","82","","1"
"30132","1","90","","1"
"30133","1","80","","1"
"30134","1","23","","1"
"30135","1","50","","1"
"30136","1","40","","1"
"30137","1","70","","6"
"30138","1","90","","1"
"30139","1","95","","1"
"30140","1","80","","1"
"30141","1","90","","1"
"30142","1","60","","1"
"30143","1","28","","1"
"30144","1","80","","1"
"30145","1","61","","1"
"30146","1","60","","1"
"30147","1","85","","1"
"30148","1","90","","1"
"30149","1","15","","1"
"30150","1","48","","1"
"30151","1","80","","1"
"30152","1","23","","1"
"30153","1","25","","2"
"30154","1","10","","2"
"30155","1","80","","1"
"30156","1","40","","1"
"30157","1","90","","1"
"30158","1","22","","1"
"30159","1","90","","1"
"30160","1","75","","1"
"30161","1","70","","1"
"30162","1","95","","1"
"30163","1","39","","1"
"30164","1","85","","1"
"30165","1","30","","1"
"30166","1","16","","5"
"30167","1","95","","2"
"30168","1","20","","1"
"30169","1","32","","1"
"30170","1","10","","1"
"30171","1","90","","1"
"30172","1","45","","1"
"30173","1","40","","2"
"30174","1","78","","1"
"30175","1","52","","1"
"30176","1","40","","1"
"30177","1","13","","1"
"30178","1","95","","1"
"30179","1","80","","1"
"30180","1","14","","1"
"30181","1","87","","1"
"30182","1","44","","1"
"30183","1","70","","3"
"30184","1","10","","1"
"30185","1","72","","1"
"30186","1","97","","1"
"30187","1","80","","1"
"30188","1","24","","1"
"30189","1","89","","1"
"30190","1","98","","1"
"30191","1","90","","1"
"30192","1","88","","1"
"30193","1","93.8","","1"
"30194","1","90","","4"
"30195","1","98","","1"
"30196","1","91","","1"
"30197","1","28","","1"
"30198","1","11","","1"
"30199","1","80","","1"
"30200","1","75","","5"
"30201","1","17","","1"
"30202","1","10","","1"
"30203","1","80","","2"
"30204","1","77","","1"
"30205","1","46","","1"
"30206","1","95","","1"
"30207","1","60","","1"
"30208","1","77","","1"
"30209","1","57","","1"
"30210","1","14","","1"
"30211","1","90","","2"
"30212","1","90","","2"
"31001","1","90","","1"
"31002","1","100","","1"
"31003","1","90","","1"
"31004","1","100","","1"
"31005","1","100","","1"
"31006","1","100","","1"
"31007","1","80","","1"
"31008","1","90","","1"
"31009","1","100","","1"
"31010","1","100","","1"
"31011","1","90","","1"
"31012","1","100","","1"
"31013","1","96","","1"
"31014","1","100","","1"
"31015","1","90","","1"
"31016","1","80","","1"
"31017","1","100","","1"
"31018","1","60","","1"
"31019","1","100","","1"
"31020","1","98","","1"
"31021","1","100","","1"
"31022","1","100","","1"
"31023","1","95","","1"
"31024","1","100","","1"
"31025","1","80","","1"
"31026","1","90","","1"
"31027","1","100","","1"
"31028","1","100","","1"
"31029","1","98","","1"
"31030","1","100","","1"
"31031","1","99","","1"
"31032","1","100","","1"
"31033","1","70","","1"
"31034","1","90","","1"
"31035","1","80","","1"
"31036","1","85","","1"
"31037","1","90","","1"
"31038","1","100","","1"
"31039","1","100","","1"
"31040","1","95","","1"
"31041","1","80","","1"
"31042","1","95","","1"
"31043","1","100","","1"
"31044","1","90","","1"
"31045","1","100","","1"
"31046","1","94","","1"
"31047","1","80","","1"
"31048","1","80","","1"
"31049","1","100","","1"
"31050","1","88","","2"
"31051","1","100","","1"
"31052","1","95","","1"
"31053","1","100","","1"
"31054","1","100","","1"
"31055","1","100","","1"
"31056","1","90","","1"
"31057","1","80","","1"
"31058","1","90","","1"
"31059","1","100","","1"
"31060","1","100","","1"
"31061","1","90","","1"
"31062","1","100","","1"
"31063","1","95","","1"
"31064","1","98","","1"
"31065","1","95","","1"
"31066","1","90","","1"
"31067","1","90","","1"
"31068","1","98","","1"
"31069","1","80","","1"
"31070","1","100","","1"
"31071","1","98","","1"
"31072","1","90","","1"
"31073","1","90","","1"
"31074","1","100","","1"
"31075","1","75","","1"
"31076","1","98","","1"
"31077","1","98","","1"
"31078","1","95","","1"
"31079","1","90","","1"
"31080","1","95","","1"
"31081","1","100","","1"
"31082","1","90","","1"
"31083","1","100","","1"
"31084","1","95","","1"
"31085","1","90","","1"
"31086","1","100","","1"
"31087","1","90","","1"
"31088","1","80","","1"
"31089","1","100","","1"
"31090","1","95","","1"
"31091","1","90","","1"
"31092","1","100","","1"
"31093","1","95","","1"
"31094","1","80","","1"
"31095","1","90","","1"
"31096","1","95","","1"
"31097","1","100","","1"
"31098","1","80","","1"
"31099","1","100","","1"
"31100","1","97","","1"
"31101","1","90","","1"
"31102","1","98","","1"
"31103","1","80","","1"
"31104","1","100","","1"
"31105","1","100","","1"
"31106","1","100","","1"
"32001","1","99","","1"
"32002","1","88","","5"
"32003","1","72","","5"
"32004","1","91","","1"
"32005","1","99","","7"
"32006","1","99","","4"
"32007","1","98","","13"
"32008","1","89","","5"
"32009","1","99","","5"
"32010","1","78","","19"
"32011","1","90","","3"
"32012","1","95","","5"
"32013","1","98","","8"
"32014","1","99","","5"
"32015","1","90","","8"
"32016","1","99","","1"
"32017","1","99","","1"
"32018","1","66","","1"
"32019","1","69.14","","1"
"32020","1","77","","1"
"32021","1","100","","5"
"32022","1","100","","5"
"32023","1","90","","5"
"32024","1","95","","1"
"32025","1","97","","1"
"32026","1","80","","1"
"32027","1","95","","2"
"32028","1","75","","4"
"32029","1","100","","8"
"32030","1","83","","4"
"32031","1","63","","7"
"32032","1","98","","2"
"32033","1","85","","5"
"32034","1","90","","1"
"32035","1","92","","1"
"32036","1","94","","1"
"32037","1","90","","5"
"32038","1","90","","1"
"32039","1","95","","1"
"32040","1","94","","1"
"32041","1","96","","5"
"32042","1","89","","1"
"32043","1","100","","4"
"32044","1","100","","4"
"32045","1","67","","5"
"32046","1","60","","5"
"32047","1","97","","1"
"32048","1","78","","1"
"32049","1","95","","1"
"32050","1","99","","4"
"32051","1","96","","1"
"32052","1","70","","1"
"32053","1","97","","5"
"32054","1","99","","1"
"32055","1","73","","1"
"32056","1","95","","1"
"32057","1","98","","1"
"32058","1","91","","1"
