"aps_folio","aps_entidad","prog_agua","prog_agua_des","prog_agua_des_nom","prog_agua_des_conslt","prog_agua_url"
"10001","10","2","2","","2",""
"10002","10","2","2","","0",""
"10003","10","2","2","","2",""
"10004","10","2","2","","0",""
"10005","10","1","2","","0",""
"10006","10","1","2","","0",""
"10007","10","2","2","","0",""
"10008","10","2","2","","0",""
"10009","10","2","2","","0",""
"1001","01","1","1","PLAN DE DESARROLLO MUNICIPAL 2040","1","NS"
"10010","10","2","2","","0",""
"10011","10","2","2","","0",""
"10012","10","2","2","","0",""
"10013","10","2","2","","0",""
"10014","10","2","2","","0",""
"10015","10","2","2","","0",""
"10016","10","2","2","","0",""
"10017","10","2","2","","0",""
"10018","10","2","2","","0",""
"10019","10","2","2","","0",""
"1002","01","1","2","","0",""
"10020","10","1","2","","0",""
"10021","10","2","2","","0",""
"10022","10","2","2","","0",""
"10023","10","2","2","","0",""
"10024","10","2","2","","0",""
"10025","10","2","2","","0",""
"10026","10","2","2","","0",""
"10027","10","2","2","","0",""
"10028","10","2","2","","0",""
"10029","10","2","2","","0",""
"1003","01","2","2","","0",""
"10030","10","2","2","","0",""
"10031","10","2","2","","0",""
"10032","10","2","2","","0",""
"10033","10","2","2","","0",""
"10034","10","2","2","","0",""
"10035","10","2","2","","2",""
"10036","10","2","2","","0",""
"10037","10","2","2","","0",""
"10038","10","2","2","","0",""
"10039","10","2","2","","0",""
"1004","01","1","2","","2",""
"1005","01","1","2","","0",""
"1006","01","1","1","PRODDER","1","CONAGUA.GOB.MX"
"1007","01","2","2","","0",""
"1008","01","1","1","PLAN DE DESARROLLO MUNICIPAL","2",""
"1009","01","2","2","","0",""
"1010","01","2","2","","0",""
"1011","01","2","2","","2",""
"11001","11","2","2","","0",""
"11002","11","2","2","","0",""
"11003","11","1","1","PLAN DE DESARROLLO INTEGRAL(PDI)","2",""
"11004","11","2","2","","0",""
"11005","11","2","1","","0",""
"11006","11","2","2","","0",""
"11007","11","1","1","PLAN DE GOBIERNO 2015-2018","1","HTTP:// PROGRAMADEGOBIERNOCELAYA.COM.MX"
"11008","11","1","2","","0",""
"11009","11","0","0","","0",""
"11010","11","2","2","","0",""
"11011","11","2","2","","0",""
"11012","11","2","2","","0",""
"11013","11","2","0","","0",""
"11014","11","2","1","AHORRAMOS AH2ORA
FERIA DE LA ACTIVACIÓN, PREVENCIÓN Y CUIDADO DEL MEDIO AMBIENTE LA CULTURA EN TU COLONIA Y TU COMUNIDAD","0",""
"11015","11","1","1","ESTUDIO DE DIAGNÓSTICO Y PLANEACIÓN INTEGRAL DEL SISTEMA MUNICIPAL DE AGUA POTABLE Y ALCANTARILLADO DE GUANAJUATO","2",""
"11016","11","1","2","","2",""
"11017","11","2","0","","0",""
"11018","11","2","2","","0",""
"11019","11","1","2","","0",""
"11020","11","1","1","PLAN MUNICIPAL DE DESARROLLO VISIÓN 2040","1","IMPLAN.GOB.MX/SISTEMA-PLANEACION/PMD-2040.HTML"
"11021","11","1","1","DIP (DIAGNÓSTICO INTEGRAL DE PLANEACIÓN DE ORGANISMOS OPERADORES)","2",""
"11022","11","1","2","","0",""
"11023","11","2","2","","0",""
"11024","11","2","2","","0",""
"11025","11","0","0","","0",""
"11026","11","2","2","","0",""
"11027","11","1","2","","0",""
"11028","11","1","2","","0",""
"11029","11","1","1","ESQUEMA GENERAL DEL MODELO ( APLICACIÓN DE INDICADORES )","1","AGUA.GUANAJUATO.GOB.MX"
"11030","11","2","2","","0",""
"11031","11","2","1","PLAN DE TRABAJO 2016","1","SAPAF.GOB.MX/INDEX.PHP/TRANSPARENCIA/TRANSPARENCIA-2016?ID=83"
"11032","11","1","1","PLAN ANUAL DE CULTURA DEL AGUA","2",""
"11033","11","1","2","","0",""
"11034","11","0","0","","0",""
"11035","11","1","2","","0",""
"11036","11","2","0","","0",""
"11037","11","1","1","PROGRAMA DE SECTORIZACIÓN Y REHABILITACIÓN DE REDES DE AGUA","1","NO"
"11038","11","2","2","","0",""
"11039","11","2","2","","0",""
"11040","11","2","2","","0",""
"11041","11","2","1","LINEAS ESTRATEGICAS SMAPAU","2",""
"11042","11","2","2","","0",""
"11043","11","2","2","","0",""
"11044","11","2","2","","0",""
"11045","11","2","2","","0",""
"11046","11","2","0","","0",""
"12001","12","2","1","PLAN MUNICIPAL DE DESARROLLO 2009 - 2012","1","HTTP://WWW.ACAPULCO.GOB.MX/TRANSPARENCIA/MARCO-NORMATIVO-Y-JURIDICO/PLAN-MUNICIPAL-DE-DESARROLLO-2015-2018/"
"12002","12","2","2","","0",""
"12003","12","2","2","","0",""
"12004","12","2","2","","0",""
"12005","12","2","2","","0",""
"12006","12","2","2","","2",""
"12007","12","2","2","","0",""
"12008","12","2","2","","2",""
"12009","12","2","2","","2",""
"12010","12","1","2","","0",""
"12011","12","2","2","","0",""
"12012","12","2","2","","0",""
"12013","12","2","2","","0",""
"12014","12","2","2","","0",""
"12015","12","2","2","","0",""
"12016","12","2","2","","0",""
"12017","12","2","2","","0",""
"12018","12","2","2","","0",""
"12019","12","2","2","","0",""
"12020","12","1","1","PROYECTO DE MANERA INTEGRAL PARA LASITUACION ACTUAL Y FUTURA","2",""
"12021","12","1","2","","0",""
"12022","12","2","2","","0",""
"12023","12","2","2","","0",""
"12024","12","2","2","","0",""
"12025","12","2","2","","0",""
"12026","12","2","2","","0",""
"12027","12","2","2","","0",""
"12028","12","2","2","","0",""
"12029","12","1","1","PLAN DE TRABAJO MUNICIPAL DE CULTURA DEL AGUA","2",""
"12030","12","2","2","","0",""
"12031","12","2","2","","0",""
"12032","12","2","2","","0",""
"12033","12","2","2","","0",""
"12034","12","2","2","","0",""
"12035","12","1","2","","0",""
"12036","12","2","1","PLAN DE DESARROLLO MUNICIPAL","2",""
"12037","12","1","2","","2",""
"12038","12","2","2","","0",""
"12039","12","2","2","","0",""
"12040","12","2","2","","0",""
"12041","12","2","2","","0",""
"12042","12","2","2","","0",""
"12043","12","2","2","","0",""
"12044","12","2","2","","0",""
"12045","12","1","2","","0",""
"12046","12","2","2","","0",""
"12047","12","2","2","","0",""
"12048","12","1","2","","0",""
"12049","12","2","1","REHABILITACIÓN DE LA PLANTA TRATADORA DE AGUA POTABLE","2",""
"12050","12","2","2","","0",""
"12051","12","2","2","","0",""
"12052","12","1","2","","0",""
"12053","12","2","2","","0",""
"12054","12","0","0","","0",""
"12055","12","2","2","","0",""
"12056","12","2","0","","0",""
"12057","12","2","2","","0",""
"12058","12","2","2","","0",""
"12059","12","1","2","","0",""
"12060","12","1","2","","0",""
"12061","12","2","2","","0",""
"12062","12","2","2","","0",""
"12063","12","2","2","","0",""
"12064","12","2","2","","0",""
"12065","12","2","2","","0",""
"12066","12","2","2","","0",""
"12067","12","2","2","","0",""
"12068","12","2","2","","0",""
"12069","12","2","2","","0",""
"12070","12","2","2","","0",""
"12071","12","2","2","","0",""
"12072","12","2","2","","0",""
"12073","12","2","2","","0",""
"12074","12","2","2","","0",""
"12075","12","1","2","","0",""
"12076","12","2","2","","0",""
"12077","12","2","2","","0",""
"12078","12","2","2","","0",""
"12079","12","2","2","","0",""
"12080","12","2","2","","0",""
"12081","12","2","2","","0",""
"13001","13","2","2","","0",""
"13002","13","1","1","PROGRAMA OPERATIVO ANUAL","1","MUNICIPIO DE ACAXOCHITLAN ADMINISTRACION 20162020.GOB"
"13003","13","1","2","","0",""
"13004","13","2","2","","0",""
"13005","13","2","2","","0",""
"13006","13","1","1","PLAN DE DESARROLLO INTITUCIONAL DE LA CAAMAH","1","HTTP://ALFAJAYUCAN.HIDALGO.GOB.MX/INDEX.PHP/CAAMAH?ID=27"
"13007","13","2","2","","0",""
"13008","13","2","2","","0",""
"13009","13","1","2","","0",""
"13010","13","2","2","","0",""
"13011","13","1","2","","0",""
"13012","13","1","1","PLAN DE DESARROLLO MUNICIPAL 2016 - 2020","2",""
"13013","13","1","1","PLAN ESTATAL DE DESARROLLO","1","SEPLADERYM.HIDALGO.GOB.MX/"
"13014","13","1","2","","0",""
"13015","13","2","2","","0",""
"13016","13","2","2","","0",""
"13017","13","1","1","PLAN DE DESARROLLO ANUAL","1","SAPCHAPANTONGO.GOB.MX"
"13018","13","2","2","","0",""
"13019","13","2","2","","0",""
"13020","13","2","2","","0",""
"13021","13","2","2","","2",""
"13022","13","2","2","","0",""
"13023","13","1","2","","0",""
"13024","13","2","2","","0",""
"13025","13","1","1","PROGRAMA OPERATIVO ANUAL","2",""
"13026","13","2","2","","0",""
"13027","13","2","2","","0",""
"13028","13","1","2","","0",""
"13029","13","1","1","PROGRAMA DE DESARROLLO INSTITUCIONAL 2014-2016","1","WWW.CAPASA.GOB.MX"
"13030","13","2","2","","0",""
"13031","13","2","2","","0",""
"13032","13","2","2","","0",""
"13033","13","2","1","PLAN DE TRABAJO DEL AGUA POTABLE","2",""
"13034","13","2","2","","0",""
"13035","13","1","1","GESTION DE PLANTAS TRATADORAS DE AGUAS RESIDUALES","2",""
"13036","13","2","2","","0",""
"13037","13","2","2","","0",""
"13038","13","2","1","LIMPIEZA DE TANQUES Y MANANTIALES Y CISTERNAS DE LA POBLACION","2",""
"13039","13","2","2","","0",""
"13040","13","2","2","","0",""
"13041","13","2","2","","0",""
"13042","13","1","1","DESINFECCION DE AGUA A TRAVES DE CLORO","2",""
"13043","13","2","2","","0",""
"13044","13","2","1","Sistema integral de agua potable","2",""
"13045","13","2","2","","0",""
"13046","13","2","2","","0",""
"13047","13","2","2","","0",""
"13048","13","1","1","PROGRAMA INSTITUCIONAL DE LA COMISIÓN DE AGUA Y ALCANTARILLADO DE SISTEMAS INTERMUNICIPALES","2",""
"13049","13","2","2","","0",""
"13050","13","2","2","","0",""
"13051","13","2","2","","0",""
"13052","13","2","1","RECUPERACION DE CARTERA VENCIDA","1","CAPASSSAT.GOB.MX"
"13053","13","2","2","","0",""
"13054","13","1","2","","0",""
"13055","13","2","1","AUMENTAR LA EXTENCION DE TUBERIA DE AGUA POTABLE","2",""
"13056","13","2","2","","0",""
"13057","13","2","2","","0",""
"13058","13","2","2","","0",""
"13059","13","1","2","","0",""
"13060","13","2","2","","0",""
"13061","13","2","2","","0",""
"13062","13","2","2","","0",""
"13063","13","2","2","","0",""
"13064","13","1","1","ESCPACIO DE CULTURA DEL AGUA","2",""
"13065","13","1","2","","0",""
"13066","13","2","2","","0",""
"13067","13","2","2","","0",""
"13068","13","2","2","","0",""
"13069","13","1","1","PROGRAMA OPERATIVO ANUAL 2016","1","TRANSPARENCIACAAMTH.GOB.MX"
"13070","13","2","2","","0",""
"13071","13","2","2","","0",""
"13072","13","2","2","","0",""
"13073","13","2","2","","0",""
"13074","13","2","2","","0",""
"13075","13","2","2","","0",""
"13076","13","2","2","","0",""
"13077","13","2","1","PLAN DE DESARROLLO MUNICIPAL","1","ORDENJURIDICO.GOB.MX/DOCUMENTOS/ESTATAL/HIDALGO/TODOS%20LOS%20MUNICIPIOS/WO95161.PDF"
"13078","13","2","2","","0",""
"13079","13","2","2","","0",""
"13080","13","2","2","","0",""
"13081","13","1","2","","0",""
"13082","13","2","1","PROGRAMA MUNICIPAL DE DESARROLLO URBANO Y ORDENAMIENTO TERRITORIAL DE ZAPOTLAN DE JUAREZ
","1","http://periodico.hidalgo.gob.mx/?tribe_events=periodico-oficial-ordinario-0-del-18-de-enero-de-2016"
"13083","13","2","2","","0",""
"13084","13","2","2","","0",""
"14001","14","1","1","LINEAS DE AGUA Y RED DE DRENAJE EN LOS RANCHITOS","2",""
"14002","14","2","2","","0",""
"14003","14","2","2","","0",""
"14004","14","1","2","","0",""
"14005","14","2","1","POA ANUAL","1","AMATITAN.GOB.MX/TRANSPARENCIA/POA/POA%202017%20AP.PDF"
"14006","14","1","2","","0",""
"14007","14","2","2","","0",""
"14008","14","1","1","PLAN DE DESARROLLO INTEGRAL","2",""
"14009","14","2","2","","0",""
"14010","14","2","2","","0",""
"14011","14","2","2","","0",""
"14012","14","2","2","","0",""
"14013","14","1","2","","0",""
"14014","14","2","2","","0",""
"14015","14","1","1","POA","1","WWW.AUTLAN.GOB"
"14016","14","2","2","","0",""
"14017","14","1","1","PLAN DE DESARROLLO MUNICIPAL","2",""
"14018","14","1","1","RENOVACION DE FUENTES DE AGUA Y ACUEDUCTO LA BARCA","2",""
"14019","14","2","2","","0",""
"14020","14","2","2","","0",""
"14021","14","2","2","","0",""
"14022","14","1","2","","0",""
"14023","14","1","1","PLAN DE DESARROLLO MUNICIPAL","1","HTTP://WWW.CIUDADGUZMAN.GOB.MX/PAGINA.ASPX?ID=74F6D950-9D24-44BD-B0F2-B182FD043C4F"
"14024","14","2","2","","0",""
"14025","14","1","1","PLAN DE DESARROLLO URBANO MUNICIPAL","1","COLOTLAN.GOB.MX"
"14026","14","1","1","CONSTRUCION DE DRENAJE FLUVIAL EN LA CALLE GONZALEZ ORTEGA","2",""
"14027","14","2","2","","0",""
"14028","14","2","2","","0",""
"14029","14","2","2","","0",""
"14030","14","2","2","","0",""
"14031","14","2","2","","0",""
"14032","14","1","2","","0",""
"14033","14","2","2","","0",""
"14034","14","2","2","","0",""
"14035","14","1","1","ESCUELA DE CULTURA DEL AGUA","2",""
"14036","14","2","2","","0",""
"14037","14","2","2","","0",""
"14038","14","2","1","PLAN DE DESARROLLO MUNICIPAL","1","GUACHINANGO.GOB.MX/NORMATIVIDAD"
"14039","14","1","2","","0",""
"14040","14","1","2","","0",""
"14041","14","1","2","","0",""
"14042","14","2","2","","0",""
"14043","14","2","2","","0",""
"14044","14","2","2","","0",""
"14045","14","1","1","PLAN DE DESARROLLO MUNICIPAL","1","HTTP://IXTLAHUACANDELRIO.JALISCO.GOB.MX/PDF/PMD-IXTLAHUACANR.PDF"
"14046","14","2","1","EXTENCION Y RENOVACION DE LINEAS DE CONDUCCION","2",""
"14047","14","2","2","","0",""
"14048","14","2","2","","0",""
"14049","14","2","2","","2",""
"14050","14","2","2","","0",""
"14051","14","2","2","","0",""
"14052","14","2","2","","0",""
"14053","14","1","2","","0",""
"14054","14","2","2","","0",""
"14055","14","1","1","PLAN DE DESARROLLO MUNICIPAL","2",""
"14056","14","2","2","","0",""
"14057","14","2","2","","0",""
"14058","14","1","1","DIAGNOSTICO INTEGRAL DE PLANEACION DE LA CABECERA MUNICIPAL DE MASCOTA JAL","2",""
"14059","14","2","2","","0",""
"14060","14","2","2","","0",""
"14061","14","2","2","","0",""
"14062","14","2","2","","0",""
"14063","14","2","2","","0",""
"14064","14","2","2","","0",""
"14065","14","2","2","","0",""
"14066","14","2","2","","0",""
"14067","14","1","1","PLAN INSTITUCIONAL 2014 - 2018 DEL SEAPAL VALLARTA","1","SEAPAL.GOB.MX"
"14068","14","2","1","PLAN DE DESARROLLO MUNICIPAL","2",""
"14069","14","1","2","","0",""
"14070","14","1","1","EXTENSION DE RED","2",""
"14071","14","2","2","","0",""
"14072","14","2","2","","0",""
"14073","14","2","1","INSTALACION DE MEDIDORES","2",""
"14074","14","2","2","","0",""
"14075","14","1","2","","0",""
"14076","14","2","2","","2",""
"14077","14","2","1","PLAN DE DESARROLLO MUNICIPAL 2012 2018","2",""
"14078","14","2","2","","0",""
"14079","14","2","2","","0",""
"14080","14","1","2","","0",""
"14081","14","2","2","","0",""
"14082","14","2","2","","0",""
"14083","14","2","2","","0",""
"14084","14","1","2","","0",""
"14085","14","2","2","","0",""
"14086","14","1","1","CULTURA DEL AGUA","2",""
"14087","14","2","2","","0",""
"14088","14","2","2","","0",""
"14089","14","2","2","","0",""
"14090","14","2","1","PROGRAMA OPERATIVO ANUAL (POA)","1","TENAMAXTLAN.COM.MX"
"14091","14","2","2","","0",""
"14092","14","2","2","","0",""
"14093","14","1","2","","0",""
"14094","14","2","2","","0",""
"14095","14","2","2","","0",""
"14096","14","1","2","","0",""
"14097","14","1","2","","0",""
"14098","14","2","2","","0",""
"14099","14","2","2","","0",""
"14100","14","2","2","","0",""
"14101","14","2","2","","0",""
"14102","14","2","2","","0",""
"14103","14","2","2","","0",""
"14104","14","2","1","PLAN DESARROLLO MUNICIPAL","1","HTTP://WWW.TOTATICHE.JALISCO.GOB.MX/INDEX.HTML"
"14105","14","2","1","PLAN MUNICIPAL DE DESARROLLO MUNICIPAL","1","HTTP://TOTOTLAN.JALISCO.GOB.MX/PLANMUNICIPAL.HTML"
"14106","14","2","2","","0",""
"14107","14","2","2","","0",""
"14108","14","2","2","","2",""
"14109","14","2","2","","0",""
"14110","14","2","2","","0",""
"14111","14","2","2","","2",""
"14112","14","2","2","","0",""
"14113","14","1","1","ABASTECIMIENTO DE AGUA","2",""
"14114","14","2","2","","0",""
"14115","14","1","1","SECTORIZACION, SUSTITUCION Y AMPLIACION DE REDES DE AGUA POTABLE.","2",""
"14116","14","1","1","PLAN MUNICIPAL DE DESARROLLO 2013-2030","2",""
"14117","14","2","2","","2",""
"14118","14","1","1","TOMAR AGUA DE LA PRESA EL ZAPOTILLO","2",""
"14119","14","1","2","","0",""
"14120","14","2","2","","0",""
"14121","14","2","2","","0",""
"14122","14","2","2","","0",""
"14123","14","2","2","","0",""
"14124","14","2","1","DIAGNOSTICO INTEGRAL DE PLANEACION DEL MANEJO DE AGUA DEL MUNICIPIO DE ZAPOTLANEJO","1","www.zapotlanejo.gob.mx"
"14125","14","1","2","","0",""
"15001","15","2","2","","0",""
"15002","15","1","2","","0",""
"15003","15","1","2","","0",""
"15004","15","2","2","","0",""
"15005","15","2","2","","0",""
"15006","15","2","2","","0",""
"15007","15","2","2","","0",""
"15008","15","2","2","","0",""
"15009","15","2","2","","0",""
"15010","15","2","2","","0",""
"15011","15","2","2","","0",""
"15012","15","2","2","","0",""
"15013","15","1","1","USO Y CUIDADO DEL AGUA","1","SAPASA.GOB.MX"
"15014","15","2","2","","0",""
"15015","15","2","2","","0",""
"15016","15","2","2","","0",""
"15017","15","2","2","","0",""
"15018","15","2","2","","0",""
"15019","15","2","2","","0",""
"15020","15","2","2","","0",""
"15021","15","2","2","","0",""
"15022","15","2","1","MANUAL DE ORGANIZACIÓN","2",""
"15023","15","2","2","","0",""
"15024","15","2","2","","0",""
"15025","15","2","1","DIAGNÓSTICO INTEGRAL DE PLANEACIÓN","1","www.municipiodechalco.gob.mx"
"15026","15","2","2","","0",""
"15027","15","2","2","","0",""
"15028","15","1","2","","0",""
"15029","15","1","1","MANEJO EFICIENTE Y SUSTENTABLE DEL AGUA","2",""
"15030","15","2","2","","0",""
"15031","15","1","1","PLAN DE DESARROLLO MUNICIPAL 2016-2018","1","WWW.CHIMALHUACAN.GOB.MX"
"15032","15","2","2","","0",""
"15033","15","2","2","","0",""
"15034","15","2","2","","0",""
"15035","15","1","1","PLAN DE DESARROLLO MUNICIPAL","1","HUEHUETOCA.GOB.MX"
"15036","15","1","1","EFICIENCIA DE FUENTES DE CAPTACION DE AGUA","2",""
"15037","15","1","2","","0",""
"15038","15","1","2","","0",""
"15039","15","1","1","NS","0",""
"15040","15","1","1","SANEAMIENTO Y CALIDAD DEL AGUA","2",""
"15041","15","2","2","","0",""
"15042","15","2","2","","0",""
"15043","15","0","0","","0",""
"15044","15","1","2","","0",""
"15045","15","2","2","","0",""
"15046","15","2","2","","0",""
"15047","15","2","2","","2",""
"15048","15","2","2","","0",""
"15049","15","2","2","","0",""
"15050","15","2","1","PLAN DE DESARROLLO MUNICIPAL","2",""
"15051","15","2","0","","0",""
"15052","15","2","2","","0",""
"15053","15","2","2","","0",""
"15054","15","1","2","","0",""
"15055","15","1","2","","0",""
"15056","15","2","2","","0",""
"15057","15","1","1","SANEAMIENTO DE AGUAS RESIDUALES","1","OAPAS-NAUCALPAN.GOB.MX"
"15058","15","1","2","","0",""
"15059","15","2","2","","0",""
"15060","15","2","2","","0",""
"15061","15","2","1","PLAN DE DESARROLLO NOPALTEPEC","2",""
"15062","15","1","2","","0",""
"15063","15","2","2","","0",""
"15064","15","1","1","PDM","1","IPOMEX.ORG.MX"
"15065","15","2","1","MANEJO DE AGUAS RESIDUALES DRENAJE Y ALCANTARILLADO Y MANEJO EFICIENTE Y SUSTENTABLE DEL AGUA","2",""
"15066","15","2","2","","0",""
"15067","15","2","2","","0",""
"15068","15","2","1","CAMBIO DE MATERIAL PARA DISTRIBUCIÓN","2",""
"15069","15","2","2","","0",""
"15070","15","2","2","","0",""
"15071","15","1","2","","0",""
"15072","15","2","2","","0",""
"15073","15","2","2","","0",""
"15074","15","1","2","","0",""
"15075","15","2","2","","0",""
"15076","15","2","2","","0",""
"15077","15","2","2","","0",""
"15078","15","2","2","","0",""
"15079","15","2","2","","0",""
"15080","15","2","2","","0",""
"15081","15","1","2","","0",""
"15082","15","2","2","","0",""
"15083","15","2","2","","0",""
"15084","15","2","2","","0",""
"15085","15","1","2","","0",""
"15086","15","2","2","","0",""
"15087","15","2","2","","0",""
"15088","15","2","2","","0",""
"15089","15","2","2","","0",""
"15090","15","2","2","","0",""
"15091","15","1","1","PBR","1","IPOMEX.OPDAPAS.GOB.MX"
"15092","15","2","2","","0",""
"15093","15","2","2","","0",""
"15094","15","2","2","","0",""
"15095","15","2","2","","0",""
"15096","15","1","1","AGUA LIMPIA (CULTURA DEL CUIDADO DEL AGUA)","1","HTTP://WWW.OPERAGUATEQUIXQUIAC.GOB.MX/"
"15097","15","2","2","","0",""
"15098","15","2","2","","2",""
"15099","15","2","2","","0",""
"15100","15","2","2","","0",""
"15101","15","2","2","","0",""
"15102","15","1","1","APARURAL","1",".GOB.MX/CONAGUA/ACCIONES-Y-PROGRAMAS/PROAGUA"
"15103","15","2","2","","0",""
"15104","15","2","1","PLAN DE DESARROLLO MUNICIPAL 2016-2018","1","http://www.tlalnepantla.gob.mx/"
"15105","15","2","2","","0",""
"15106","15","1","1","PROGRAMA DE DESARROLLO INSTITUCIONAL","2",""
"15107","15","2","2","","0",""
"15108","15","2","2","","0",""
"15109","15","1","2","","0",""
"15110","15","2","2","","0",""
"15111","15","2","2","","0",""
"15112","15","2","2","","0",""
"15113","15","2","2","","0",""
"15114","15","2","2","","2",""
"15115","15","2","2","","0",""
"15116","15","2","2","","0",""
"15117","15","2","2","","0",""
"15118","15","1","2","","0",""
"15119","15","2","2","","0",""
"15120","15","1","1","PLAN DE DESARROLLO INTEGRAL","2",""
"15121","15","1","2","","0",""
"15122","15","1","2","","0",""
"15123","15","2","2","","0",""
"15124","15","2","2","","2",""
"15125","15","2","2","","0",""
"16001","16","2","2","","0",""
"16002","16","2","2","","0",""
"16003","16","2","2","","0",""
"16004","16","2","2","","0",""
"16005","16","2","2","","0",""
"16006","16","1","2","","0",""
"16007","16","2","2","","0",""
"16008","16","2","2","","0",""
"16009","16","1","1","PROTECCIÓN, MANTENIMIENTO Y DESASOLVE DE LOS MANANTIALES","2",""
"16010","16","1","2","","0",""
"16011","16","2","2","","0",""
"16012","16","1","2","","0",""
"16013","16","2","2","","0",""
"16014","16","2","2","","0",""
"16015","16","2","2","","0",""
"16016","16","1","2","","0",""
"16017","16","2","2","","0",""
"16018","16","2","2","","0",""
"16019","16","1","2","","0",""
"16020","16","1","2","","0",""
"16021","16","2","2","","0",""
"16022","16","2","2","","0",""
"16023","16","1","1","POA PROGRAMA OPERATIVO ANUAL","2",""
"16024","16","2","2","","0",""
"16025","16","1","1","PROGRAMA DE SANEAMIENTO DE AGUAS NACIONALES","2",""
"16026","16","2","2","","0",""
"16027","16","2","2","","0",""
"16028","16","2","2","","0",""
"16029","16","2","2","","0",""
"16030","16","1","2","","0",""
"16031","16","2","2","","0",""
"16032","16","2","2","","0",""
"16033","16","2","2","","0",""
"16034","16","1","2","","0",""
"16035","16","2","2","","0",""
"16036","16","2","2","","0",""
"16037","16","2","2","","0",""
"16038","16","2","2","","0",""
"16039","16","2","2","","0",""
"16040","16","2","2","","0",""
"16041","16","1","2","","0",""
"16042","16","2","2","","0",""
"16043","16","1","1","PLAN DE DESARROLLO MUNICIPAL 2015-2018","1","JACONA.GOB.MX"
"16044","16","2","2","","0",""
"16045","16","2","2","","0",""
"16046","16","2","2","","0",""
"16047","16","2","2","","0",""
"16048","16","2","2","","0",""
"16049","16","2","2","","0",""
"16050","16","1","2","","0",""
"16051","16","1","1","PROYECTO DE REESTRUCTURACION DEL SAPA EDE SAN JOSE DE GRACIA","2",""
"16052","16","1","1","PLAN ESTRATÉGICO DE DESARROLLO","2",""
"16053","16","1","1","DIAGNÓSTICO INTEGRAL DE PLANEACIÓN PARA EL OOAPAS MORELIA","2",""
"16054","16","2","2","","0",""
"16055","16","2","1","MODERNIZACIÓN DE LA RED DE AGUA POTABLE","2",""
"16056","16","2","2","","0",""
"16057","16","2","2","","0",""
"16058","16","1","2","","0",""
"16059","16","2","2","","0",""
"16060","16","1","1","PLAN DE TRABAJO OOAPAS NUMARÁN 2016","2",""
"16061","16","2","1","SUMINISTRO Y AMPLIACIÓN DE RED","2",""
"16062","16","1","2","","0",""
"16063","16","2","2","","0",""
"16064","16","2","2","","0",""
"16065","16","1","2","","2",""
"16066","16","2","2","","0",""
"16067","16","2","2","","0",""
"16068","16","1","1","COLECTORES DE AGUA","2",""
"16069","16","1","2","","0",""
"16070","16","2","2","","0",""
"16071","16","2","2","","0",""
"16072","16","1","1","REHABILITACION DEL SISTEMA DE AGUA POTABLE","2",""
"16073","16","1","2","","0",""
"16074","16","2","2","","0",""
"16075","16","1","2","","0",""
"16076","16","1","2","","0",""
"16077","16","2","2","","0",""
"16078","16","2","1","PLAN DE DESARROLLO DEL MUNICIPIO DE SANTA ANA MAYA","1","www.santaanamayamich.gob.mx/images/transparencia/2016.2/14/14.1.pdf"
"16079","16","2","2","","0",""
"16080","16","2","2","","0",""
"16081","16","2","2","","0",""
"16082","16","1","1","PLAN DE DESARROLLO MUNICIPAL","2",""
"16083","16","2","2","","0",""
"16084","16","2","2","","0",""
"16085","16","2","2","","0",""
"16086","16","1","2","","0",""
"16087","16","2","2","","2",""
"16088","16","1","1","TALLERES DE CONSIENTIZACIÓN CUIDADOS DEL AGUA","1","COMPATARIMBARO.GOB.MX"
"16089","16","2","2","","0",""
"16090","16","1","2","","0",""
"16091","16","1","2","","0",""
"16092","16","2","2","","0",""
"16093","16","2","2","","0",""
"16094","16","2","2","","0",""
"16095","16","2","2","","0",""
"16096","16","2","2","","0",""
"16097","16","2","2","","0",""
"16098","16","1","2","","0",""
"16099","16","2","2","","0",""
"16100","16","1","1","PROYECTO INTEGRAL DE AGUA Y DRENAJE","2",""
"16101","16","2","2","","0",""
"16102","16","1","1","ESTUDIO DIAGNOSTICO INTEGRAL DE PLANEACIÓN PARA EL CAPASU URUAPAN","2",""
"16103","16","1","2","","0",""
"16104","16","1","1","PLAN DE DE DESARROLLO MUNICIPAL","2",""
"16105","16","1","2","","0",""
"16106","16","1","1","PROGRAMA DE DESARROLLO INTEGRAL","2",""
"16107","16","1","1","PROGRAMA OPERATIVO ANUAL 2016","2",""
"16108","16","1","2","","0",""
"16109","16","2","2","","0",""
"16110","16","1","2","","0",""
"16111","16","2","2","","0",""
"16112","16","2","2","","0",""
"16113","16","2","2","","2",""
"17001","17","2","2","","0",""
"17002","17","2","2","","0",""
"17003","17","2","2","","0",""
"17004","17","2","2","","0",""
"17005","17","2","2","","0",""
"17006","17","1","2","","0",""
"17007","17","2","2","","0",""
"17008","17","2","2","","0",""
"17009","17","2","2","","0",""
"17010","17","2","2","","0",""
"17011","17","1","2","","0",""
"17012","17","2","2","","0",""
"17013","17","1","1","AMPLIACION Y RENOVACION DE LA RED HIDRAULICA","2",""
"17014","17","1","1","PROGRAMA DE ABASTECIMIENTO Y MEJORA DE LA RED DE AGUA POTABLE","2",""
"17015","17","1","2","","0",""
"17016","17","2","2","","0",""
"17017","17","2","2","","0",""
"17018","17","1","2","","0",""
"17019","17","2","2","","0",""
"17020","17","2","2","","0",""
"17021","17","2","2","","0",""
"17022","17","2","2","","0",""
"17023","17","2","2","","0",""
"17024","17","2","2","","0",""
"17025","17","2","2","","0",""
"17026","17","2","1","RELOCALIZACIÓN DE POZO DE AGUA ""CENTRO""","2",""
"17027","17","2","2","","0",""
"17028","17","2","2","","0",""
"17029","17","1","1","PLAN DE DESARROLLO MUNICIPAL 2016-2018","1","WWW.TRANSPARENCIAMORELOS.MX/YAUTEPEC"
"17030","17","2","2","","0",""
"17031","17","2","2","","0",""
"17032","17","2","2","","0",""
"17033","17","2","2","","0",""
"18001","18","1","2","","0",""
"18002","18","1","2","","0",""
"18003","18","1","2","","0",""
"18004","18","1","2","","0",""
"18005","18","1","2","","0",""
"18006","18","1","2","","0",""
"18007","18","1","2","","0",""
"18008","18","1","2","","0",""
"18009","18","1","1","PROGRAMA OPERATIVO ANUAL (POA)","2",""
"18010","18","1","2","","0",""
"18011","18","1","2","","0",""
"18012","18","1","2","","0",""
"18013","18","1","1","PLAN DE DESARROLLO MUNICIPAL DE SAN PEDRO LAGUNILLAS 2014-2017","2",""
"18014","18","1","2","","0",""
"18015","18","1","2","","0",""
"18016","18","1","2","","0",""
"18017","18","1","1","PLAN MUNICIPAL DE DESARROLLO","1","TEPIC.GOB.MX/PLANMUNICIPALDEDESARROLLO"
"18018","18","1","2","","0",""
"18019","18","1","2","","0",""
"18020","18","1","2","","0",""
"19001","19","1","1","PLAN ESTRATÉGICO 2021","1","SADM.GOB.MX"
"19002","19","1","1","PLAN ESTRATÉGICO 2021","1","SADM.GOB.MX"
"19003","19","1","1","PLAN ESTRATÉGICO 2021","1","SADM.GOB.MX"
"19004","19","1","1","PLAN ESTRATÉGICO 2021","1","SADM.GOB.MX"
"19005","19","1","1","PLAN ESTRATÉGICO 2021","1","SADM.GOB.MX"
"19006","19","1","1","PLAN ESTRATÉGICO 2021","1","SADM.GOB.MX"
"19007","19","1","1","PLAN ESTRATÉGICO 2021","1","SADM.GOB.MX"
"19008","19","1","1","PLAN ESTRATÉGICO 2021","1","SADM.GOB.MX"
"19009","19","1","1","PLAN ESTRATÉGICO 2021","1","SADM.GOB.MX"
"19010","19","1","1","PLAN ESTRATÉGICO 2021","1","SADM.GOB.MX"
"19011","19","1","1","PLAN ESTRATÉGICO 2021","1","SADM.GOB.MX"
"19012","19","1","1","PLAN ESTRATÉGICO 2021","1","SADM.GOB.MX"
"19013","19","1","1","PLAN ESTRATÉGICO 2021","1","SADM.GOB.MX"
"19014","19","1","1","PLAN ESTRATÉGICO 2021","1","SADM.GOB.MX"
"19015","19","1","1","PLAN ESTRATÉGICO 2021","1","SADM.GOB.MX"
"19016","19","1","1","PLAN ESTRATÉGICO 2021","1","SADM.GOB.MX"
"19017","19","1","1","PLAN ESTRATÉGICO 2021","1","SADM.GOB.MX"
"19018","19","1","1","PLAN ESTRATÉGICO 2021","1","SADM.GOB.MX"
"19019","19","1","1","PLAN ESTRATÉGICO 2021","1","SADM.GOB.MX"
"19020","19","1","1","PLAN ESTRATÉGICO 2021","1","SADM.GOB.MX"
"19021","19","1","1","PLAN ESTRATÉGICO 2021","1","SADM.GOB.MX"
"19022","19","1","1","PLAN ESTRATÉGICO 2021","1","SADM.GOB.MX"
"19023","19","1","1","PLAN ESTRATÉGICO 2021","1","SADM.GOB.MX"
"19024","19","1","1","PLAN ESTRATÉGICO 2021","1","SADM.GOB.MX"
"19025","19","1","1","PLAN ESTRATÉGICO 2021","1","SADM.GOB.MX"
"19026","19","1","1","PLAN ESTRATÉGICO 2021","1","SADM.GOB.MX"
"19027","19","1","1","PLAN ESTRATÉGICO 2021","1","SADM.GOB.MX"
"19028","19","1","1","PLAN ESTRATÉGICO 2021","1","SADM.GOB.MX"
"19029","19","1","1","PLAN ESTRATÉGICO 2021","1","SADM.GOB.MX"
"19030","19","1","1","PLAN ESTRATÉGICO 2021","1","SADM.GOB.MX"
"19031","19","1","1","PLAN ESTRATÉGICO 2021","1","SADM.GOB.MX"
"19032","19","1","1","PLAN ESTRATÉGICO 2021","1","SADM.GOB.MX"
"19033","19","1","1","PLAN ESTRATÉGICO 2021","1","SADM.GOB.MX"
"19034","19","1","1","PLAN ESTRATÉGICO 2021","1","SADM.GOB.MX"
"19035","19","1","1","PLAN ESTRATÉGICO 2021","1","SADM.GOB.MX"
"19036","19","1","1","PLAN ESTRATÉGICO 2021","1","SADM.GOB.MX"
"19037","19","1","1","PLAN ESTRATÉGICO 2021","1","SADM.GOB.MX"
"19038","19","1","1","PLAN ESTRATÉGICO 2021","1","SADM.GOB.MX"
"19039","19","1","1","PLAN ESTRATÉGICO 2021","1","SADM.GOB.MX"
"19040","19","1","1","PLAN ESTRATÉGICO 2021","1","SADM.GOB.MX"
"19041","19","1","1","PLAN ESTRATÉGICO 2021","1","SADM.GOB.MX"
"19042","19","1","1","PLAN ESTRATÉGICO 2021","1","SADM.GOB.MX"
"19043","19","1","1","PLAN ESTRATÉGICO 2021","1","SADM.GOB.MX"
"19044","19","1","1","PLAN ESTRATÉGICO 2021","1","SADM.GOB.MX"
"19045","19","1","1","PLAN ESTRATÉGICO 2021","1","SADM.GOB.MX"
"19046","19","1","1","PLAN ESTRATÉGICO 2021","1","SADM.GOB.MX"
"19047","19","1","1","PLAN ESTRATÉGICO 2021","1","SADM.GOB.MX"
"19048","19","1","1","PLAN ESTRATÉGICO 2021","1","SADM.GOB.MX"
"19049","19","1","1","PLAN ESTRATÉGICO 2021","1","SADM.GOB.MX"
"19050","19","1","1","PLAN ESTRATÉGICO 2021","1","SADM.GOB.MX"
"19051","19","1","1","PLAN ESTRATÉGICO 2021","1","SADM.GOB.MX"
"20001","20","2","2","","0",""
"20002","20","1","2","","0",""
"20003","20","2","2","","0",""
"20004","20","2","2","","0",""
"20005","20","2","2","","0",""
"20006","20","2","2","","0",""
"20007","20","2","2","","0",""
"20008","20","2","2","","0",""
"20009","20","2","2","","0",""
"2001","02","2","1","PLAN ESTATAL DE DESARROLLO","1","WWW.BAJACALIFORNIA.GOB.MX"
"20010","20","2","2","","0",""
"20011","20","2","2","","0",""
"20012","20","2","2","","0",""
"20013","20","2","2","","0",""
"20014","20","2","2","","0",""
"20015","20","2","2","","0",""
"20016","20","2","2","","0",""
"20017","20","2","2","","0",""
"20018","20","2","2","","0",""
"20019","20","2","2","","0",""
"2002","02","1","1","PLAN ESTATAL DE DESARROLLO DE BAJA CALIFORNIA","1","CESPM.GOB.MX"
"20020","20","2","2","","0",""
"20021","20","2","2","","0",""
"20022","20","2","2","","0",""
"20023","20","2","2","","0",""
"20024","20","2","2","","0",""
"20025","20","2","2","","0",""
"20026","20","2","2","","0",""
"20027","20","2","2","","0",""
"20028","20","2","2","","0",""
"20029","20","2","2","","0",""
"2003","02","1","1","PLAN ESTATAL DE DESARROLLO","1","BAJACALIFORNIA.GOB.MX"
"20030","20","2","2","","0",""
"20031","20","2","2","","0",""
"20032","20","2","2","","0",""
"20033","20","2","2","","0",""
"20034","20","2","2","","0",""
"20035","20","2","2","","0",""
"20036","20","2","2","","0",""
"20037","20","2","2","","0",""
"20038","20","2","2","","0",""
"20039","20","2","2","","0",""
"2004","02","1","1","CULTURA DEL AGUA","1","WWW.CESPT.GOB.MX"
"20040","20","2","2","","0",""
"20041","20","2","2","","0",""
"20042","20","2","2","","0",""
"20043","20","2","2","","0",""
"20044","20","2","2","","0",""
"20045","20","2","2","","0",""
"20046","20","2","2","","0",""
"20047","20","2","2","","0",""
"20048","20","2","2","","0",""
"20049","20","2","2","","0",""
"2005","02","1","1","CULTURA DEL AGUA","1","CESPT. GOB.MX"
"20050","20","2","2","","0",""
"20051","20","2","2","","0",""
"20052","20","2","2","","0",""
"20053","20","2","2","","0",""
"20054","20","2","2","","0",""
"20055","20","2","2","","0",""
"20056","20","2","2","","0",""
"20057","20","2","2","","0",""
"20058","20","2","2","","0",""
"20059","20","2","2","","0",""
"20060","20","2","2","","0",""
"20061","20","1","2","","0",""
"20062","20","2","2","","0",""
"20063","20","2","2","","0",""
"20064","20","2","2","","0",""
"20065","20","2","2","","0",""
"20066","20","2","2","","0",""
"20067","20","2","2","","0",""
"20068","20","2","2","","0",""
"20069","20","2","2","","0",""
"20070","20","2","2","","0",""
"20071","20","2","2","","0",""
"20072","20","2","2","","0",""
"20073","20","2","2","","0",""
"20074","20","2","2","","0",""
"20075","20","2","2","","0",""
"20076","20","2","2","","0",""
"20077","20","2","2","","0",""
"20078","20","2","2","","0",""
"20079","20","2","2","","0",""
"20080","20","2","2","","0",""
"20081","20","2","2","","2",""
"20082","20","2","2","","0",""
"20083","20","2","2","","0",""
"20084","20","2","2","","0",""
"20085","20","2","2","","0",""
"20086","20","2","2","","0",""
"20087","20","2","2","","0",""
"20088","20","2","2","","0",""
"20089","20","2","2","","0",""
"20090","20","2","2","","0",""
"20091","20","2","2","","0",""
"20092","20","2","2","","0",""
"20093","20","2","2","","0",""
"20094","20","2","2","","0",""
"20095","20","2","2","","0",""
"20096","20","2","2","","0",""
"20097","20","2","2","","0",""
"20098","20","2","2","","0",""
"20099","20","2","2","","0",""
"20100","20","2","2","","0",""
"20101","20","2","2","","0",""
"20102","20","2","2","","0",""
"20103","20","2","2","","0",""
"20104","20","2","2","","0",""
"20105","20","2","2","","0",""
"20106","20","2","2","","0",""
"20107","20","2","2","","0",""
"20108","20","2","2","","0",""
"20109","20","2","2","","0",""
"20110","20","2","2","","0",""
"20111","20","2","2","","0",""
"20112","20","2","2","","0",""
"20113","20","2","2","","0",""
"20114","20","2","2","","0",""
"20115","20","2","2","","0",""
"20116","20","2","2","","0",""
"20117","20","2","2","","0",""
"20118","20","2","2","","0",""
"20119","20","2","2","","0",""
"20120","20","2","2","","0",""
"20121","20","2","2","","0",""
"20122","20","2","2","","0",""
"20123","20","2","2","","0",""
"20124","20","2","2","","0",""
"20125","20","2","2","","0",""
"20126","20","2","2","","0",""
"20127","20","2","2","","0",""
"20128","20","2","2","","0",""
"20129","20","2","2","","0",""
"20130","20","2","2","","0",""
"20131","20","2","2","","0",""
"20132","20","2","2","","0",""
"20133","20","2","2","","0",""
"20134","20","2","2","","0",""
"20135","20","2","2","","0",""
"20136","20","2","2","","0",""
"20137","20","2","2","","0",""
"20138","20","2","2","","0",""
"20139","20","2","2","","0",""
"20140","20","2","2","","0",""
"20141","20","2","2","","0",""
"20142","20","2","2","","0",""
"20143","20","2","2","","0",""
"20144","20","2","2","","0",""
"20145","20","2","2","","0",""
"20146","20","2","2","","0",""
"20147","20","2","2","","0",""
"20148","20","2","2","","0",""
"20149","20","2","2","","0",""
"20150","20","2","2","","0",""
"20151","20","2","2","","0",""
"20152","20","2","2","","0",""
"20153","20","2","2","","0",""
"20154","20","2","2","","0",""
"20155","20","2","2","","0",""
"20156","20","2","2","","0",""
"20157","20","2","2","","0",""
"20158","20","2","2","","0",""
"20159","20","2","2","","0",""
"20160","20","2","2","","0",""
"20161","20","2","2","","0",""
"20162","20","2","2","","0",""
"20163","20","2","2","","0",""
"20164","20","2","2","","0",""
"20165","20","2","2","","0",""
"20166","20","2","2","","0",""
"20167","20","2","2","","0",""
"20168","20","2","2","","0",""
"20169","20","2","2","","0",""
"20170","20","2","2","","0",""
"20171","20","2","2","","0",""
"20172","20","2","2","","0",""
"20173","20","2","2","","0",""
"20174","20","0","0","","0",""
"20175","20","2","2","","0",""
"20176","20","2","2","","0",""
"20177","20","2","2","","0",""
"20178","20","2","2","","0",""
"20179","20","2","2","","0",""
"20180","20","2","2","","0",""
"20181","20","2","2","","0",""
"20182","20","2","2","","0",""
"20183","20","2","2","","0",""
"20184","20","2","1","PLAN MAESTRO HIDRAULICO","2",""
"20185","20","2","2","","0",""
"20186","20","2","2","","0",""
"20187","20","2","2","","0",""
"20188","20","2","2","","0",""
"20189","20","2","2","","0",""
"20190","20","2","2","","0",""
"20191","20","2","2","","0",""
"20192","20","2","2","","0",""
"20193","20","2","2","","0",""
"20194","20","2","2","","0",""
"20195","20","2","2","","0",""
"20196","20","2","2","","0",""
"20197","20","2","2","","0",""
"20198","20","2","2","","0",""
"20199","20","2","2","","0",""
"20200","20","2","2","","0",""
"20201","20","2","2","","0",""
"20202","20","2","2","","0",""
"20203","20","2","2","","0",""
"20204","20","2","2","","0",""
"20205","20","2","2","","0",""
"20206","20","2","2","","0",""
"20207","20","2","2","","0",""
"20208","20","2","2","","0",""
"20209","20","2","2","","0",""
"20210","20","2","2","","0",""
"20211","20","2","2","","0",""
"20212","20","2","2","","0",""
"20213","20","2","2","","0",""
"20214","20","2","2","","0",""
"20215","20","2","2","","0",""
"20216","20","2","2","","0",""
"20217","20","2","2","","0",""
"20218","20","2","2","","0",""
"20219","20","2","2","","0",""
"20220","20","2","2","","0",""
"20221","20","2","2","","0",""
"20222","20","2","2","","0",""
"20223","20","2","2","","0",""
"20224","20","2","2","","0",""
"20225","20","2","2","","0",""
"20226","20","2","2","","0",""
"20227","20","2","2","","0",""
"20228","20","2","2","","0",""
"20229","20","2","2","","0",""
"20230","20","2","2","","0",""
"20231","20","2","2","","0",""
"20232","20","2","2","","0",""
"20233","20","2","2","","0",""
"20234","20","2","2","","0",""
"20235","20","2","2","","0",""
"20236","20","2","2","","0",""
"20237","20","2","2","","0",""
"20238","20","2","2","","0",""
"20239","20","2","2","","0",""
"20240","20","2","2","","0",""
"20241","20","2","2","","0",""
"20242","20","2","2","","0",""
"20243","20","2","2","","0",""
"20244","20","2","2","","0",""
"20245","20","2","2","","0",""
"20246","20","2","2","","0",""
"20247","20","2","2","","0",""
"20248","20","2","2","","0",""
"20249","20","1","2","","0",""
"20250","20","2","2","","0",""
"20251","20","2","2","","0",""
"20252","20","2","2","","0",""
"20253","20","2","2","","0",""
"20254","20","2","2","","0",""
"20255","20","2","2","","0",""
"20256","20","2","2","","0",""
"20257","20","2","2","","0",""
"20258","20","2","2","","0",""
"20259","20","2","2","","0",""
"20260","20","2","2","","0",""
"20261","20","2","2","","0",""
"20262","20","2","2","","0",""
"20263","20","2","2","","0",""
"20264","20","2","2","","0",""
"20265","20","2","2","","0",""
"20266","20","2","2","","0",""
"20267","20","2","2","","0",""
"20268","20","2","2","","0",""
"20269","20","2","2","","0",""
"20270","20","2","2","","0",""
"20271","20","2","2","","0",""
"20272","20","2","2","","0",""
"20273","20","2","2","","0",""
"20274","20","2","2","","0",""
"20275","20","2","2","","0",""
"20276","20","2","2","","0",""
"20277","20","2","2","","0",""
"20278","20","2","2","","0",""
"20279","20","2","2","","0",""
"20280","20","2","2","","0",""
"20281","20","1","2","","0",""
"20282","20","2","2","","0",""
"20283","20","2","2","","0",""
"20284","20","2","2","","0",""
"20285","20","2","2","","0",""
"20286","20","2","2","","0",""
"20287","20","2","2","","0",""
"20288","20","2","2","","0",""
"20289","20","2","2","","0",""
"20290","20","2","2","","0",""
"20291","20","2","2","","0",""
"20292","20","2","2","","0",""
"20293","20","2","2","","0",""
"20294","20","2","2","","0",""
"20295","20","2","2","","0",""
"20296","20","2","2","","0",""
"20297","20","2","2","","0",""
"20298","20","2","2","","0",""
"20299","20","2","2","","0",""
"20300","20","2","2","","0",""
"20301","20","2","2","","0",""
"20302","20","2","2","","0",""
"20303","20","2","2","","0",""
"20304","20","2","2","","0",""
"20305","20","2","2","","0",""
"20306","20","2","2","","0",""
"20307","20","2","2","","0",""
"20308","20","2","2","","0",""
"20309","20","2","2","","0",""
"20310","20","2","2","","0",""
"20311","20","2","2","","0",""
"20312","20","2","2","","0",""
"20313","20","2","2","","0",""
"20314","20","2","2","","0",""
"20315","20","2","2","","0",""
"20316","20","2","2","","0",""
"20317","20","2","2","","0",""
"20318","20","2","2","","0",""
"20319","20","2","2","","0",""
"20320","20","2","2","","0",""
"20321","20","2","2","","0",""
"20322","20","2","2","","0",""
"20323","20","2","2","","0",""
"20324","20","2","2","","0",""
"20325","20","2","2","","0",""
"20326","20","2","2","","0",""
"20327","20","2","2","","0",""
"20328","20","2","2","","0",""
"20329","20","2","2","","0",""
"20330","20","2","2","","0",""
"20331","20","2","2","","0",""
"20332","20","2","2","","0",""
"20333","20","2","2","","0",""
"20334","20","2","2","","0",""
"20335","20","2","2","","0",""
"20336","20","2","2","","0",""
"20337","20","2","2","","0",""
"20338","20","2","2","","0",""
"20339","20","2","2","","0",""
"20340","20","2","2","","0",""
"20341","20","2","2","","0",""
"20342","20","0","0","","0",""
"20343","20","2","2","","0",""
"20344","20","2","2","","0",""
"20345","20","2","2","","0",""
"20346","20","2","2","","0",""
"20347","20","2","2","","0",""
"20348","20","2","2","","0",""
"20349","20","2","2","","0",""
"20350","20","2","2","","0",""
"20351","20","2","2","","0",""
"20352","20","2","2","","0",""
"20353","20","2","2","","0",""
"20354","20","2","2","","0",""
"20355","20","2","2","","0",""
"20356","20","2","2","","0",""
"20357","20","2","2","","0",""
"20358","20","2","2","","0",""
"20359","20","2","2","","0",""
"20360","20","2","2","","0",""
"20361","20","2","2","","0",""
"20362","20","2","2","","0",""
"20363","20","2","2","","0",""
"20364","20","2","2","","0",""
"20365","20","2","2","","0",""
"20366","20","2","2","","0",""
"20367","20","2","2","","0",""
"20368","20","2","2","","0",""
"20369","20","2","2","","0",""
"20370","20","2","2","","0",""
"20371","20","2","2","","0",""
"20372","20","2","2","","0",""
"20373","20","2","2","","0",""
"20374","20","2","2","","0",""
"20375","20","2","2","","0",""
"20376","20","2","2","","0",""
"20377","20","2","2","","0",""
"20378","20","2","2","","0",""
"20379","20","2","2","","0",""
"20380","20","2","2","","0",""
"20381","20","2","2","","0",""
"20382","20","2","2","","0",""
"20383","20","2","2","","0",""
"20384","20","2","2","","0",""
"20385","20","0","0","","0",""
"20386","20","2","2","","0",""
"20387","20","2","2","","0",""
"20388","20","2","2","","0",""
"20389","20","2","2","","0",""
"20390","20","0","0","","0",""
"20391","20","2","2","","0",""
"20392","20","2","2","","0",""
"20393","20","2","2","","0",""
"20394","20","2","2","","0",""
"20395","20","2","2","","0",""
"20396","20","2","2","","0",""
"20397","20","1","2","","0",""
"20398","20","2","2","","0",""
"20399","20","2","2","","0",""
"20400","20","2","2","","0",""
"20401","20","2","2","","0",""
"20402","20","2","2","","0",""
"20403","20","2","2","","0",""
"20404","20","2","2","","0",""
"20405","20","2","2","","0",""
"20406","20","1","2","","0",""
"20407","20","2","2","","0",""
"20408","20","2","2","","0",""
"20409","20","2","2","","0",""
"20410","20","2","2","","0",""
"20411","20","2","2","","0",""
"20412","20","2","2","","0",""
"20413","20","2","2","","0",""
"20414","20","2","2","","0",""
"20415","20","2","2","","0",""
"20416","20","2","2","","2",""
"20417","20","2","2","","0",""
"20418","20","2","2","","0",""
"20419","20","2","2","","0",""
"20420","20","2","2","","0",""
"20421","20","2","2","","0",""
"20422","20","2","2","","0",""
"20423","20","2","2","","0",""
"20424","20","2","2","","0",""
"20425","20","2","2","","0",""
"20426","20","2","2","","0",""
"20427","20","2","2","","0",""
"20428","20","2","2","","0",""
"20429","20","2","2","","0",""
"20430","20","2","2","","0",""
"20431","20","2","2","","0",""
"20432","20","2","2","","0",""
"20433","20","2","2","","0",""
"20434","20","2","2","","0",""
"20435","20","2","2","","0",""
"20436","20","2","2","","0",""
"20437","20","2","2","","0",""
"20438","20","2","2","","0",""
"20439","20","2","2","","0",""
"20440","20","2","2","","0",""
"20441","20","2","2","","0",""
"20442","20","2","2","","0",""
"20443","20","2","2","","0",""
"20444","20","2","2","","0",""
"20445","20","2","2","","0",""
"20446","20","2","2","","0",""
"20447","20","1","1","REFORESTAR Y CUIDAR","2",""
"20448","20","2","2","","0",""
"20449","20","2","2","","0",""
"20450","20","2","2","","0",""
"20451","20","2","2","","0",""
"20452","20","2","2","","0",""
"20453","20","2","2","","0",""
"20454","20","2","2","","0",""
"20455","20","2","2","","0",""
"20456","20","2","2","","0",""
"20457","20","2","2","","0",""
"20458","20","2","2","","0",""
"20459","20","2","2","","0",""
"20460","20","2","2","","0",""
"20461","20","1","2","","0",""
"20462","20","2","2","","0",""
"20463","20","2","2","","0",""
"20464","20","2","2","","0",""
"20465","20","2","2","","0",""
"20466","20","2","2","","0",""
"20467","20","2","2","","0",""
"20468","20","2","2","","0",""
"20469","20","1","2","","0",""
"20470","20","2","2","","0",""
"20471","20","2","2","","0",""
"20472","20","2","2","","0",""
"20473","20","2","2","","0",""
"20474","20","2","2","","0",""
"20475","20","2","2","","0",""
"20476","20","2","2","","0",""
"20477","20","2","2","","0",""
"20478","20","2","2","","0",""
"20479","20","2","2","","0",""
"20480","20","2","2","","0",""
"20481","20","2","2","","0",""
"20482","20","2","2","","0",""
"20483","20","2","2","","0",""
"20484","20","2","2","","0",""
"20485","20","2","2","","0",""
"20486","20","2","2","","0",""
"20487","20","2","2","","0",""
"20488","20","2","2","","0",""
"20489","20","2","2","","0",""
"20490","20","2","2","","0",""
"20491","20","2","2","","0",""
"20492","20","2","2","","0",""
"20493","20","2","2","","0",""
"20494","20","2","2","","0",""
"20495","20","2","2","","0",""
"20496","20","2","2","","0",""
"20497","20","2","2","","0",""
"20498","20","2","2","","0",""
"20499","20","2","2","","0",""
"20500","20","2","2","","0",""
"20501","20","2","2","","0",""
"20502","20","2","2","","0",""
"20503","20","2","2","","0",""
"20504","20","2","2","","0",""
"20505","20","2","2","","0",""
"20506","20","2","2","","0",""
"20507","20","2","2","","0",""
"20508","20","2","2","","0",""
"20509","20","2","2","","0",""
"20510","20","2","2","","0",""
"20511","20","2","2","","0",""
"20512","20","2","2","","0",""
"20513","20","2","2","","0",""
"20514","20","2","2","","0",""
"20515","20","2","2","","0",""
"20516","20","2","2","","0",""
"20517","20","2","2","","0",""
"20518","20","1","2","","0",""
"20519","20","2","2","","0",""
"20520","20","2","2","","0",""
"20521","20","2","2","","0",""
"20522","20","2","2","","0",""
"20523","20","2","2","","0",""
"20524","20","2","2","","0",""
"20525","20","2","2","","0",""
"20526","20","2","2","","0",""
"20527","20","2","2","","0",""
"20528","20","2","2","","0",""
"20529","20","2","2","","0",""
"20530","20","2","2","","0",""
"20531","20","2","2","","0",""
"20532","20","2","2","","0",""
"20533","20","2","2","","0",""
"20534","20","2","2","","0",""
"20535","20","2","2","","0",""
"20536","20","2","2","","0",""
"20537","20","2","2","","0",""
"20538","20","2","2","","0",""
"20539","20","2","2","","0",""
"20540","20","2","2","","0",""
"20541","20","2","2","","0",""
"20542","20","2","2","","0",""
"20543","20","2","2","","0",""
"20544","20","2","2","","0",""
"20545","20","2","2","","0",""
"20546","20","2","2","","0",""
"20547","20","2","2","","0",""
"20548","20","2","2","","0",""
"20549","20","2","2","","0",""
"20550","20","2","2","","0",""
"20551","20","1","2","","0",""
"20552","20","2","2","","0",""
"20553","20","2","2","","0",""
"20554","20","2","2","","0",""
"20555","20","2","2","","0",""
"20556","20","2","2","","0",""
"20557","20","2","2","","0",""
"20558","20","2","2","","0",""
"20559","20","2","2","","0",""
"20560","20","2","2","","0",""
"20561","20","2","2","","0",""
"20562","20","2","2","","0",""
"20563","20","2","2","","0",""
"20564","20","2","2","","0",""
"20565","20","1","2","","0",""
"20566","20","2","2","","0",""
"20567","20","2","2","","0",""
"20568","20","2","2","","0",""
"20569","20","2","2","","0",""
"20570","20","2","2","","0",""
"21001","21","2","2","","0",""
"21002","21","1","2","","0",""
"21003","21","2","2","","0",""
"21004","21","2","2","","0",""
"21005","21","2","2","","0",""
"21006","21","2","2","","0",""
"21007","21","2","2","","0",""
"21008","21","2","2","","0",""
"21009","21","2","2","","0",""
"21010","21","2","2","","0",""
"21011","21","2","2","","0",""
"21012","21","2","2","","0",""
"21013","21","2","2","","0",""
"21014","21","2","2","","0",""
"21015","21","2","2","","2",""
"21016","21","2","2","","0",""
"21017","21","2","0","","0",""
"21018","21","1","2","","0",""
"21019","21","2","2","","0",""
"21020","21","2","2","","0",""
"21021","21","2","2","","0",""
"21022","21","2","2","","0",""
"21023","21","2","2","","2",""
"21024","21","2","2","","0",""
"21025","21","2","2","","0",""
"21026","21","2","2","","0",""
"21027","21","2","2","","0",""
"21028","21","2","2","","0",""
"21029","21","2","2","","0",""
"21030","21","2","2","","0",""
"21031","21","2","2","","0",""
"21032","21","2","2","","0",""
"21033","21","2","2","","0",""
"21034","21","2","2","","0",""
"21035","21","2","1","PLAN DE DESARROLLO MUNICIPAL","1","COXCATLAN.PUEBLA.GOB.MX"
"21036","21","2","2","","0",""
"21037","21","2","2","","0",""
"21038","21","2","2","","0",""
"21039","21","2","2","","0",""
"21040","21","2","2","","0",""
"21041","21","2","2","","0",""
"21042","21","2","2","","0",""
"21043","21","2","2","","0",""
"21044","21","2","2","","0",""
"21045","21","2","2","","0",""
"21046","21","1","2","","0",""
"21047","21","2","2","","0",""
"21048","21","2","2","","0",""
"21049","21","2","1","PLAN DE DESARROLLO MUNICIPAL SERVICIOS","1","CHICONCUAUTLA.PUE.GOB.MX"
"21050","21","2","2","","0",""
"21051","21","2","2","","0",""
"21052","21","2","2","","0",""
"21053","21","2","2","","2",""
"21054","21","2","2","","0",""
"21055","21","2","2","","0",""
"21056","21","2","2","","0",""
"21057","21","2","2","","0",""
"21058","21","2","2","","0",""
"21059","21","2","2","","0",""
"21060","21","1","2","","0",""
"21061","21","2","1","PLAN DE SANEAMIENTO PARA EL MUNICIPIO DE ELOXOCHITLAN","1","TRANSPARENCIA.ELOXOCHITLANPUEBLA.GOB.MX"
"21062","21","2","2","","0",""
"21063","21","2","2","","0",""
"21064","21","2","2","","0",""
"21065","21","2","2","","0",""
"21066","21","2","2","","0",""
"21067","21","1","2","","2",""
"21068","21","2","2","","0",""
"21069","21","2","2","","0",""
"21070","21","2","2","","0",""
"21071","21","1","2","","0",""
"21072","21","2","2","","0",""
"21073","21","2","2","","0",""
"21074","21","2","1","AMPLIACION DE REDES DE AGUA POTABLE","2",""
"21075","21","2","2","","0",""
"21076","21","2","2","","0",""
"21077","21","2","2","","0",""
"21078","21","2","2","","0",""
"21079","21","2","2","","0",""
"21080","21","2","2","","0",""
"21081","21","2","2","","0",""
"21082","21","2","2","","0",""
"21083","21","2","2","","0",""
"21084","21","2","1","PLAN DE DESARROLLO MUNICIPAL","2",""
"21085","21","1","2","","0",""
"21086","21","2","2","","0",""
"21087","21","2","2","","0",""
"21088","21","2","2","","0",""
"21089","21","2","2","","0",""
"21090","21","2","2","","0",""
"21091","21","1","2","","2",""
"21092","21","2","2","","0",""
"21093","21","2","2","","0",""
"21094","21","2","2","","0",""
"21095","21","2","2","","0",""
"21096","21","2","2","","0",""
"21097","21","2","2","","0",""
"21098","21","2","2","","0",""
"21099","21","2","2","","0",""
"21100","21","2","2","","0",""
"21101","21","2","2","","0",""
"21102","21","2","2","","0",""
"21103","21","2","2","","0",""
"21104","21","2","2","","0",""
"21105","21","2","2","","0",""
"21106","21","2","2","","0",""
"21107","21","2","2","","0",""
"21108","21","2","2","","2",""
"21109","21","2","2","","0",""
"21110","21","2","2","","0",""
"21111","21","2","2","","0",""
"21112","21","2","2","","0",""
"21113","21","2","2","","0",""
"21114","21","1","1","PLAN DE INVERSIONES 2017 2021","2",""
"21115","21","2","2","","0",""
"21116","21","2","2","","0",""
"21117","21","2","2","","0",""
"21118","21","2","2","","0",""
"21119","21","2","2","","0",""
"21120","21","2","2","","0",""
"21121","21","2","2","","0",""
"21122","21","2","2","","0",""
"21123","21","2","2","","0",""
"21124","21","2","2","","0",""
"21125","21","2","1","PLAN DE DESARROLLO MUNICIPAL","1","WWW.ATZOMPA.GOB.MX"
"21126","21","2","2","","0",""
"21127","21","2","2","","0",""
"21128","21","2","2","","0",""
"21129","21","2","2","","0",""
"21130","21","2","2","","0",""
"21131","21","2","2","","0",""
"21132","21","1","2","","2",""
"21133","21","2","2","","0",""
"21134","21","2","2","","0",""
"21135","21","2","2","","0",""
"21136","21","2","2","","0",""
"21137","21","2","2","","0",""
"21138","21","2","1","PLANTA TRATADORA","2",""
"21139","21","2","2","","0",""
"21140","21","1","1","PLAN DE DESARROLLO INTEGRAL DEL SISITEMA OPERADOR","2",""
"21141","21","2","2","","0",""
"21142","21","2","2","","0",""
"21143","21","2","2","","0",""
"21144","21","2","2","","0",""
"21145","21","2","2","","0",""
"21146","21","2","2","","2",""
"21147","21","2","2","","0",""
"21148","21","2","2","","0",""
"21149","21","1","1","PLAN DE DESARROLLO MUNICIPAL","2",""
"21150","21","2","2","","0",""
"21151","21","2","2","","0",""
"21152","21","2","2","","0",""
"21153","21","2","2","","0",""
"21154","21","2","2","","0",""
"21155","21","2","2","","0",""
"21156","21","1","2","","2",""
"21157","21","2","2","","0",""
"21158","21","1","2","","0",""
"21159","21","2","2","","0",""
"21160","21","2","2","","0",""
"21161","21","2","2","","0",""
"21162","21","2","2","","0",""
"21163","21","2","2","","0",""
"21164","21","2","1","SECTORIZACIÓN DE LA RED DE AGUA POTABLE","2",""
"21165","21","2","2","","0",""
"21166","21","2","2","","0",""
"21167","21","2","0","","0",""
"21168","21","2","2","","0",""
"21169","21","2","2","","0",""
"21170","21","2","2","","0",""
"21171","21","2","2","","0",""
"21172","21","2","0","","0",""
"21173","21","2","2","","0",""
"21174","21","2","2","","0",""
"21175","21","2","2","","0",""
"21176","21","2","2","","0",""
"21177","21","2","2","","0",""
"21178","21","2","2","","0",""
"21179","21","2","2","","0",""
"21180","21","2","2","","0",""
"21181","21","2","2","","0",""
"21182","21","2","2","","0",""
"21183","21","2","2","","0",""
"21184","21","0","0","","0",""
"21185","21","2","2","","0",""
"21186","21","1","1","PLAN SIMPLIFICADO","2",""
"21187","21","2","2","","0",""
"21188","21","2","2","","0",""
"21189","21","2","2","","0",""
"21190","21","2","2","","0",""
"21191","21","2","2","","0",""
"21192","21","2","2","","0",""
"21193","21","2","2","","0",""
"21194","21","2","2","","2",""
"21195","21","2","2","","0",""
"21196","21","2","2","","0",""
"21197","21","1","2","","0",""
"21198","21","2","2","","0",""
"21199","21","2","2","","0",""
"21200","21","2","2","","0",""
"21201","21","2","2","","2",""
"21202","21","2","2","","0",""
"21203","21","2","2","","0",""
"21204","21","2","1","PLAN DE DESARROLLO MUNICIPAL","1","YAONAHUAC.PUEBLA.GOB.MX"
"21205","21","2","2","","0",""
"21206","21","2","2","","0",""
"21207","21","2","2","","0",""
"21208","21","1","2","","0","SOSAPAZ.ORG.MX"
"21209","21","2","2","","0",""
"21210","21","2","2","","0",""
"21211","21","2","2","","0",""
"21212","21","2","2","","2",""
"21213","21","2","2","","0",""
"21214","21","2","2","","0",""
"21215","21","2","2","","0",""
"21216","21","2","2","","0",""
"21217","21","2","2","","0",""
"22001","22","2","1","PROGRAMA DE MANEJO INTEGRAL DE LAS AGUAS NACIONALES EN EL ESTADO DE QUERÉTARO (PROMIANEQ 1RA ETAPA)","2",""
"22002","22","1","1","PROGRAMA DE MANEJO INTEGRAL DE LAS AGUAS NACIONALES EN EL ESTADO DE QUERÉTARO (PROMIANEQ 1RA ETAPA)","2",""
"22003","22","1","1","PROGRAMA DE MANEJO INTEGRAL DE LAS AGUAS NACIONALES EN EL ESTADO DE QUERÉTARO (PROMIANEQ 1RA ETAPA)","2",""
"22004","22","1","1","PROGRAMA DE MANEJO INTEGRAL DE LAS AGUAS NACIONALES EN EL ESTADO DE QUERÉTARO (PROMIANEQ 1RA ETAPA)","2",""
"22005","22","1","1","PROGRAMA DE MANEJO INTEGRAL DE LAS AGUAS NACIONALES EN EL ESTADO DE QUERÉTARO (PROMIANEQ 1RA ETAPA)","2",""
"22006","22","1","1","PROGRAMA DE MANEJO INTEGRAL DE LAS AGUAS NACIONALES EN EL ESTADO DE QUERÉTARO (PROMIANEQ 1RA ETAPA)","2",""
"22007","22","2","1","PROGRAMA DE MANEJO INTEGRAL DE LAS AGUAS NACIONALES EN EL ESTADO DE QUERÉTARO (PROMIANEQ 1RA ETAPA)","2",""
"22008","22","2","1","PROGRAMA DE MANEJO INTEGRAL DE LAS AGUAS NACIONALES EN EL ESTADO DE QUERÉTARO (PROMIANEQ 1RA ETAPA)","2",""
"22009","22","1","1","PROGRAMA DE MANEJO INTEGRAL DE LAS AGUAS NACIONALES EN EL ESTADO DE QUERÉTARO (PROMIANEQ 1RA ETAPA)","2",""
"22010","22","1","1","PROGRAMA DE MANEJO INTEGRAL DE LAS AGUAS NACIONALES EN EL ESTADO DE QUERÉTARO (PROMIANEQ 1RA ETAPA)","2",""
"22011","22","1","1","PROGRAMA DE MANEJO INTEGRAL DE LAS AGUAS NACIONALES EN EL ESTADO DE QUERÉTARO (PROMIANEQ 1RA ETAPA)","2",""
"22012","22","2","1","PROGRAMA DE MANEJO INTEGRAL DE LAS AGUAS NACIONALES EN EL ESTADO DE QUERÉTARO (PROMIANEQ 1RA ETAPA)","2",""
"22013","22","1","1","PROGRAMA DE MANEJO ]INTEGRAL DE LAS AGUAS NACIONALES EN EL ESTADO DE QUERÉTARO (PROMIANEQ 1RA ETAPA)","2",""
"22014","22","1","1","PROGRAMA DE MANEJO INTEGRAL DE LAS AGUAS NACIONALES EN EL ESTADO DE QUERÉTARO (PROMIANEQ 1RA ETAPA","2",""
"22015","22","1","1","PROGRAMA DE MANEJO INTEGRAL DE LAS AGUAS NACIONALES EN EL ESTADO DE QUERÉTARO (PROMIANEQ 1RA ETAPA)","2",""
"22016","22","1","1","PLAN DE DESARROLLO INTEGRAL","2",""
"22017","22","2","1","PROGRAMA DE MANEJO INTEGRAL DE LAS AGUAS NACIONALES EN EL ESTADO DE QUERÉTARO (PROMIANEQ 1RA ETAPA)","2",""
"22018","22","2","1","PROGRAMA DE MANEJO INTEGRAL DE LAS AGUAS NACIONALES EN EL ESTADO DE QUERÉTARO (PROMIANEQ 1RA ETAPA).","2",""
"23001","23","2","2","","0",""
"23002","23","1","2","","0",""
"23003","23","1","2","","0",""
"23004","23","1","1","PROGRAMA INSTITUCIONAL HIDRICO DE CALIDAD DE LA CAPA","1","CAPA.GOB.MX"
"23005","23","1","2","","0",""
"23006","23","1","2","","0",""
"23007","23","1","1","PLAN ESTATAL DE DESARROLLO QUINTANA ROO 2016-2022, EJE 5","1","QROO.GOB.MX/PED-2016-2022"
"23008","23","2","2","","0",""
"23009","23","2","1","PLAN MAESTRO DE AGUA POTABLE Y DE ALCANTARILLADO SANITARIO","2",""
"23010","23","1","2","","0",""
"23011","23","1","2","","0",""
"24001","24","2","2","","0",""
"24002","24","2","2","","0",""
"24003","24","1","1","MEJORAMIENTO MÁXIMO CONDICIONES DE SERVICIO DE AGUA DEL MUNICIPIO DE AQUISMÓN","2",""
"24004","24","2","2","","0",""
"24005","24","2","2","","0",""
"24006","24","2","2","","0",""
"24007","24","2","2","","0",""
"24008","24","1","2","","0",""
"24009","24","2","2","","0",""
"24010","24","2","2","","0",""
"24011","24","1","2","","0",""
"24012","24","2","1","PLAN DE DESARROLLO MUNICIPAL","1","MUNICIPIOTANCANHUITZ.COM"
"24013","24","2","2","","0",""
"24014","24","2","2","","0",""
"24015","24","2","2","","0",""
"24016","24","1","2","","0",""
"24017","24","2","2","","0",""
"24018","24","2","2","","0",""
"24019","24","2","2","","0",""
"24020","24","1","2","","0",""
"24021","24","1","2","","0",""
"24022","24","2","2","","0",""
"24023","24","2","1","PROGRAMA DE OBRA ANUAL","2",""
"24024","24","1","2","","0",""
"24025","24","2","2","","0",""
"24026","24","2","2","","0",""
"24027","24","2","1","PLAN ESTRATÉGICO DE DESARROLLO","2",""
"24028","24","1","1","PLAN MUNICIPAL DE DESARROLLO 2015 - 2018","1","HTTP://SANLUIS.GOB.MX/WP-CONTENT/UPLOADS/2015/11/PMD-2015-2018.PDF"
"24029","24","2","2","","0",""
"24030","24","2","2","","0",""
"24031","24","1","2","","0",""
"24032","24","2","2","","0",""
"24033","24","2","2","","0",""
"24034","24","2","2","","0",""
"24035","24","1","1","PLAN DE DESARROLLO MUNICIPAL 2015-2018","1","WWW.MUNICIPIOSOLEDAD.GOB.MX"
"24036","24","2","2","","0",""
"24037","24","2","2","","0",""
"24038","24","2","2","","0",""
"24039","24","2","2","","0",""
"24040","24","2","2","","0",""
"24041","24","2","2","","0",""
"24042","24","1","2","","2",""
"24043","24","2","2","","0",""
"24044","24","2","2","","0",""
"24045","24","2","2","","0",""
"24046","24","2","2","","0",""
"24047","24","2","2","","0",""
"24048","24","2","2","","0",""
"24049","24","2","2","","0",""
"24050","24","1","2","","0",""
"24051","24","2","1","PLAN DE AMPLIACIÓN DE LA RED DE AGUA POTABLE","2",""
"24052","24","2","2","","0",""
"24053","24","2","1","PLAN MAESTRO PARA EL MANEJO INTEGRAL DE AGUA POTABLE Y SANEAMIENTO PARA LA CABECERA MUNICIPAL DE AXTLA DE TERRAZAS, S.L.P.","2",""
"24054","24","1","2","","0",""
"24055","24","2","2","","0",""
"24056","24","2","2","","0",""
"24057","24","2","2","","0",""
"24058","24","1","2","","0",""
"25001","25","1","2","","0",""
"25002","25","1","2","","0",""
"25003","25","2","2","","0",""
"25004","25","2","2","","0",""
"25005","25","1","1","PLAN MUNICIPAL DE DESARROLLO","1","COSALA.GOB.MX"
"25006","25","1","1","PLAN MAESTRO","2",""
"25007","25","1","2","","0",""
"25008","25","1","2","","0",""
"25009","25","1","2","","0",""
"25010","25","2","2","","0",""
"25011","25","1","1","PROGRAMA DE DESARROLLO MUNICIPAL.","1","GUASAVE.GOB.MX"
"25012","25","1","2","","0",""
"25013","25","1","2","","0",""
"25014","25","2","2","","0",""
"25015","25","1","1","PLAN DE DESARROLLO INTEGRAL DE LOS SERVICIOS DE AGUA POTABLE DE GUAMÚCHIL, SINALOA.","2",""
"25016","25","2","2","","0",""
"25017","25","2","2","","0",""
"25018","25","1","1","PLAN MUNICIPAL DE DESARROLLO","1","JAPAN.GOB.MX"
"26001","26","2","2","","0",""
"26002","26","2","2","","0",""
"26003","26","2","2","","0",""
"26004","26","2","2","","0",""
"26005","26","2","2","","0",""
"26006","26","2","0","","2",""
"26007","26","2","2","","0",""
"26008","26","2","2","","0",""
"26009","26","2","2","","0",""
"26010","26","2","2","","0",""
"26011","26","2","2","","0",""
"26012","26","2","2","","0",""
"26013","26","2","2","","0",""
"26014","26","2","2","","0",""
"26015","26","2","2","","0",""
"26016","26","2","2","","0",""
"26017","26","2","1","PLAN MUNICIPAL DE DESARROLLO","1","CABORCASONORA.GOB.MX"
"26018","26","2","2","","0",""
"26019","26","1","2","","0",""
"26020","26","2","2","","0",""
"26021","26","2","2","","0",""
"26022","26","2","2","","0",""
"26023","26","2","2","","0",""
"26024","26","2","2","","0",""
"26025","26","2","2","","0",""
"26026","26","2","2","","0",""
"26027","26","2","2","","0",""
"26028","26","2","2","","0",""
"26029","26","2","2","","0",""
"26030","26","1","1","PROGRAMA DE AGUA POTABLE, ALCANTARILLADO Y SANEAMIENTO","1","TUOBRAHERMOSILLO.COM"
"26031","26","2","2","","0",""
"26032","26","2","2","","0",""
"26033","26","2","2","","0",""
"26034","26","2","2","","0",""
"26035","26","2","2","","2",""
"26036","26","2","2","","0",""
"26037","26","2","2","","0",""
"26038","26","2","2","","0",""
"26039","26","2","2","","0",""
"26040","26","1","2","","0",""
"26041","26","2","2","","0",""
"26042","26","1","1","PLAN MUNICIPAL DE DESARROLLO 2016-2018","1","NAVOJOA.GOB.MX"
"26043","26","1","1","PLAN MUNICIPAL DE DESARROLLO","1","http://archivo.nogales-sonora.gob.mx/Ley-de-Acceso-a-la-Informacion-Publica.pdf
"
"26044","26","2","2","","0",""
"26045","26","2","2","","0",""
"26046","26","2","2","","0",""
"26047","26","1","2","","0",""
"26048","26","2","2","","0",""
"26049","26","2","2","","0",""
"26050","26","2","2","","0",""
"26051","26","2","2","","0",""
"26052","26","2","2","","0",""
"26053","26","2","2","","0",""
"26054","26","2","2","","0",""
"26055","26","1","1","PLAN INTEGRAL MUNICIPAL DE AGUA POTABLE, ALCANTARILLADO Y SANEAMIENTO.","1","HTTP://OOMAPASSLRC.GOB.MX/TRANSPARENCIA/01.-EL-MARCO-NORMATIVO-"
"26056","26","2","2","","0",""
"26057","26","2","2","","0",""
"26058","26","2","2","","0",""
"26059","26","2","2","","0",""
"26060","26","2","2","","0",""
"26061","26","2","2","","0",""
"26062","26","2","2","","0",""
"26063","26","2","2","","0",""
"26064","26","2","2","","0",""
"26065","26","2","2","","0",""
"26066","26","2","2","","0",""
"26067","26","2","2","","0",""
"26068","26","2","2","","0",""
"26069","26","2","2","","0",""
"26070","26","2","2","","0",""
"26071","26","2","2","","0",""
"26072","26","2","2","","0",""
"27001","27","1","2","","0",""
"27002","27","1","1","PLAN ESTATAL DE DESARROLLO PLED 2013-2018","1","PLED.GOB.TABASCO.MX"
"27003","27","1","1","PLAN ESTATAL DE DESARROLLO PLED 2013-2018","1","PLED.GOB.TABASCO.MX"
"27004","27","2","2","","0",""
"27005","27","1","1","PLAN ESTATAL DE DESARROLLO PLED 2013-2018","1","PLED.GOB.TABASCO.MX"
"27006","27","1","1","PLAN ESTATAL DE DESARROLLO PLED 2013-2018","1","PLED.GOB.TABASCO.MX"
"27007","27","1","1","PLAN ESTATAL DE DESARROLLO PLED 2013-2018","1","PLED.GOB.TABASCO.MX"
"27008","27","1","1","PLAN ESTATAL DE DESARROLLO PLED 2013-2018","1","PLED.GOB.TABASCO.MX"
"27009","27","1","1","PLAN ESTATAL DE DESARROLLO PLED 2013-2018","1","PLED.GOB.TABASCO.MX"
"27010","27","1","1","PLAN ESTATAL DE DESARROLLO PLED 2013-2018","1","PLED.GOB.TABASCO.MX"
"27011","27","2","2","","0",""
"27012","27","1","2","","0",""
"27013","27","1","1","PLAN ESTATAL DE DESARROLLO PLED 2013-2018","1","PLED.GOB.TABASCO.MX"
"27014","27","1","1","PLAN ESTATAL DE DESARROLLO PLED 2013-2018","1","PLED.GOB.TABASCO.MX"
"27015","27","1","1","PLAN ESTATAL DE DESARROLLO PLED 2013-2018","1","PLED.GOB.TABASCO.MX"
"27016","27","1","1","PLAN ESTATAL DE DESARROLLO PLED 2013-2018","1","PLED.GOB.TABASCO.MX"
"27017","27","1","1","PLAN ESTATAL DE DESARROLLO PLED 2013-2018","1","PLED.GOB.TABASCO.MX"
"28001","28","2","2","","0",""
"28002","28","2","2","","0",""
"28003","28","2","2","","0",""
"28004","28","2","2","","0",""
"28005","28","2","2","","0",""
"28006","28","2","2","","0",""
"28007","28","2","1","INSTALACION DE PTAR Y REHABILITACION DE COLECTOR GENERAL","2",""
"28008","28","2","2","","0",""
"28009","28","1","2","","0",""
"28010","28","2","2","","0",""
"28011","28","2","2","","0",""
"28012","28","2","2","","0",""
"28013","28","2","2","","0",""
"28014","28","2","2","","0",""
"28015","28","1","1","PLAN DE DESARROLLO MUNICIPAL","2",""
"28016","28","2","2","","0",""
"28017","28","2","2","","0",""
"28018","28","2","2","","0",""
"28019","28","2","2","","0",""
"28020","28","2","2","","0",""
"28021","28","2","2","","0",""
"28022","28","2","2","","0",""
"28023","28","2","0","","0",""
"28024","28","2","2","","0",""
"28025","28","2","2","","0",""
"28026","28","2","2","","0",""
"28027","28","1","1","PROYECTO INTEGRAL DE AGUA Y SANEAMIENTO PARA EL 2020","0",""
"28028","28","1","2","","0",""
"28029","28","1","0","NA","0",""
"28030","28","2","2","","0",""
"28031","28","2","2","","0",""
"28032","28","2","2","","0",""
"28033","28","2","2","","0",""
"28034","28","2","2","","0",""
"28035","28","2","2","","0",""
"28036","28","2","2","","0",""
"28037","28","1","2","","2",""
"28038","28","1","2","","0",""
"28039","28","2","2","","0",""
"28040","28","2","2","","0",""
"28041","28","2","2","","0",""
"28042","28","2","2","","0",""
"28043","28","2","1","PLAN DE ABASTECIMIENTO CONTINUO","2",""
"29001","29","2","2","","0",""
"29002","29","2","2","","0",""
"29003","29","2","2","","0",""
"29004","29","2","2","","0",""
"29005","29","2","2","","0",""
"29006","29","2","2","","0",""
"29007","29","2","2","","0",""
"29008","29","2","2","","2",""
"29009","29","2","2","","0",""
"29010","29","2","2","","2",""
"29011","29","2","2","","0",""
"29012","29","2","2","","0",""
"29013","29","2","1","PROGAMA OPERATIVO ANUAL 2016","2",""
"29014","29","2","2","","0",""
"29015","29","1","2","","0",""
"29016","29","2","2","","0",""
"29017","29","2","2","","0",""
"29018","29","2","2","","0",""
"29019","29","2","2","","0",""
"29020","29","2","2","","0",""
"29021","29","2","2","","0",""
"29022","29","2","2","","0",""
"29023","29","2","2","","0",""
"29024","29","2","2","","0",""
"29025","29","2","2","","0",""
"29026","29","2","2","","0",""
"29027","29","2","2","","0",""
"29028","29","2","2","","0",""
"29029","29","2","2","","0",""
"29030","29","2","2","","2",""
"29031","29","2","2","","0",""
"29032","29","2","2","","2",""
"29033","29","2","2","","0",""
"29034","29","2","2","","0",""
"29035","29","2","2","","0",""
"29036","29","2","2","","0",""
"29037","29","2","2","","0",""
"29038","29","2","2","","2",""
"29039","29","2","2","","0",""
"29040","29","2","2","","0",""
"29041","29","2","2","","0",""
"29042","29","2","2","","0",""
"29043","29","2","2","","0",""
"29044","29","2","2","","0",""
"29045","29","2","1","NS","2",""
"29046","29","2","2","","0",""
"29047","29","2","2","","0",""
"29048","29","2","2","","0",""
"29049","29","2","2","","0",""
"29050","29","2","2","","0",""
"29051","29","2","2","","0",""
"29052","29","2","2","","0",""
"29053","29","2","2","","0",""
"29054","29","2","2","","0",""
"29055","29","2","2","","0",""
"29056","29","2","2","","0",""
"29057","29","2","2","","0",""
"29058","29","2","2","","0",""
"29059","29","2","2","","0",""
"29060","29","2","2","","0",""
"30001","30","2","2","","0",""
"30002","30","2","2","","0",""
"30003","30","2","2","","0",""
"30004","30","2","2","","0",""
"30005","30","0","0","","0",""
"30006","30","2","2","","0",""
"30007","30","2","2","","0",""
"30008","30","2","2","","0",""
"30009","30","2","2","","0",""
"3001","03","1","2","","0",""
"30010","30","2","2","","0",""
"30011","30","2","2","","0",""
"30012","30","2","2","","0",""
"30013","30","1","2","","0",""
"30014","30","2","2","","0",""
"30015","30","2","2","","0",""
"30016","30","2","2","","0",""
"30017","30","2","2","","0",""
"30018","30","2","2","","0",""
"30019","30","2","2","","0",""
"3002","03","1","2","","0",""
"30020","30","0","2","","0",""
"30021","30","2","2","","0",""
"30022","30","1","2","","0",""
"30023","30","1","2","","0",""
"30024","30","2","2","","0",""
"30025","30","2","2","","0",""
"30026","30","1","2","","0",""
"30027","30","2","2","","0",""
"30028","30","2","2","","0",""
"30029","30","2","2","","0",""
"3003","03","1","2","","0",""
"30030","30","1","2","","0",""
"30031","30","2","2","","0",""
"30032","30","2","2","","0",""
"30033","30","2","2","","0",""
"30034","30","2","2","","0",""
"30035","30","2","2","","0",""
"30036","30","2","2","","0",""
"30037","30","1","2","","0",""
"30038","30","1","1","PROGRAMA OPERATIVO ANUAL (POA)","1","HTTP;77WWW.CMASCOATEPEC.GOB.MX"
"30039","30","2","2","","0",""
"30040","30","1","2","","0",""
"30041","30","2","2","","0",""
"30042","30","2","2","","0",""
"30043","30","2","2","","0",""
"30044","30","1","2","","0",""
"30045","30","2","1","Programa Operativo Anual","2",""
"30046","30","2","2","","0",""
"30047","30","2","2","","0",""
"30048","30","1","2","","0",""
"30049","30","2","2","","0",""
"30050","30","2","2","","0",""
"30051","30","2","2","","0",""
"30052","30","2","2","","0",""
"30053","30","2","2","","0",""
"30054","30","2","2","","0",""
"30055","30","2","2","","0",""
"30056","30","2","2","","0",""
"30057","30","2","2","","0",""
"30058","30","2","2","","0",""
"30059","30","2","2","","0",""
"30060","30","2","2","","0",""
"30061","30","1","2","","0",""
"30062","30","2","2","","0",""
"30063","30","2","2","","0",""
"30064","30","1","2","","0",""
"30065","30","2","2","","0",""
"30066","30","1","2","","0",""
"30067","30","2","2","","0",""
"30068","30","2","2","","2",""
"30069","30","2","2","","0",""
"30070","30","2","2","","0",""
"30071","30","1","2","","0",""
"30072","30","2","2","","0",""
"30073","30","2","2","","0",""
"30074","30","2","2","","0",""
"30075","30","2","2","","0",""
"30076","30","2","2","","0",""
"30077","30","2","2","","0",""
"30078","30","2","2","","0",""
"30079","30","2","2","","0",""
"3008","03","1","1","DIAGNÓSTICO INTEGRAL DE PLANEACIÓN","1","AGUAPOTABLEDELOSCABOS.GOB.MX"
"30080","30","2","2","","0",""
"30081","30","2","2","","0",""
"30082","30","2","2","","0",""
"30083","30","2","2","","0",""
"30084","30","2","2","","0",""
"30085","30","1","1","PLAN DE ORDENAMIENTO DE LAS REDES DE AGUA POTABLE Y DRENAJE","2",""
"30086","30","2","2","","0",""
"30087","30","1","1","PLAN DE DESARROLLO INTEGRAL (PDI)","2",""
"30088","30","2","2","","0",""
"30089","30","2","2","","0",""
"3009","03","1","2","","0",""
"30090","30","2","2","","0",""
"30091","30","2","2","","0",""
"30092","30","2","2","","0",""
"30093","30","2","1","PLAN DE DESARROLLO MUNICIPAL DEL H. AYUNTAMIENTO DE JILOTEPEC 2014-2017","1","MUNICIPIODEJILOTEPEC.GOB.MX"
"30094","30","2","2","","0",""
"30095","30","2","2","","0",""
"30096","30","2","2","","0",""
"30097","30","2","2","","0",""
"30098","30","2","2","","0",""
"30099","30","2","2","","0",""
"30100","30","2","2","","0",""
"30101","30","0","0","","0",""
"30102","30","1","2","","0",""
"30103","30","2","2","","0",""
"30104","30","2","2","","0",""
"30105","30","0","0","","0",""
"30106","30","2","2","","0",""
"30107","30","2","2","","0",""
"30108","30","2","2","","0",""
"30109","30","1","2","","0",""
"30110","30","2","2","","0",""
"30111","30","2","2","","0",""
"30112","30","2","2","","0",""
"30113","30","1","2","","0",""
"30114","30","2","2","","0",""
"30115","30","1","2","","0",""
"30116","30","0","0","","0",""
"30117","30","1","2","","0",""
"30118","30","1","2","","0",""
"30119","30","2","2","","0",""
"30120","30","2","2","","0",""
"30121","30","2","2","","0",""
"30122","30","2","2","","0",""
"30123","30","2","2","","0",""
"30124","30","2","2","","0",""
"30125","30","2","2","","0",""
"30126","30","2","2","","0",""
"30127","30","0","0","","0",""
"30128","30","1","2","","0",""
"30129","30","1","2","","0",""
"30130","30","2","2","","0",""
"30131","30","2","2","","0",""
"30132","30","2","2","","0",""
"30133","30","2","1","POTABILIZADORA DE MAYORAZGO","2",""
"30134","30","2","2","","0",""
"30135","30","2","2","","0",""
"30136","30","2","2","","0",""
"30137","30","2","2","","0",""
"30138","30","2","2","","0",""
"30139","30","2","2","","0",""
"30140","30","2","2","","0",""
"30141","30","2","2","","0",""
"30142","30","2","2","","0",""
"30143","30","2","2","","0",""
"30144","30","2","2","","0",""
"30145","30","0","0","","0",""
"30146","30","2","2","","0",""
"30147","30","2","2","","0",""
"30148","30","2","2","","0",""
"30149","30","0","0","","0",""
"30150","30","2","2","","0",""
"30151","30","2","2","","0",""
"30152","30","1","1","OPERACIÓN DE LA PLANTA DE TRATAMIENTO DE AGUAS RESIDUALES BICENTENARIO Y CONSTRUCCIÓN DE NUEVOS POZOS PROFUNDOS EN LA CABECERA MUNICIPAL Y LA CONSTRUC","2",""
"30153","30","2","2","","0",""
"30154","30","2","2","","0",""
"30155","30","1","2","","0",""
"30156","30","2","2","","0",""
"30157","30","1","2","","0",""
"30158","30","0","0","","0",""
"30159","30","2","2","","0",""
"30160","30","2","0","","0",""
"30161","30","1","2","","0",""
"30162","30","2","2","","0",""
"30163","30","2","2","","0",""
"30164","30","1","2","","0",""
"30165","30","2","2","","0",""
"30166","30","2","2","","0",""
"30167","30","2","2","","0",""
"30168","30","2","2","","0",""
"30169","30","1","2","","0",""
"30170","30","2","2","","0",""
"30171","30","0","0","","0",""
"30172","30","2","2","","0",""
"30173","30","2","2","","0",""
"30174","30","2","2","","0",""
"30175","30","2","2","","0",""
"30176","30","2","2","","0",""
"30177","30","2","2","","0",""
"30178","30","2","2","","2",""
"30179","30","2","2","","0",""
"30180","30","2","2","","0",""
"30181","30","2","2","","0",""
"30182","30","2","2","","0",""
"30183","30","1","2","","0",""
"30184","30","2","2","","0",""
"30185","30","2","2","","0",""
"30186","30","2","2","","0",""
"30187","30","2","2","","0",""
"30188","30","2","2","","0",""
"30189","30","1","1","PROGRAMA OPERATIVO ANUAL","1","CAEV.GOB.MX"
"30190","30","2","2","","0",""
"30191","30","2","2","","0",""
"30192","30","1","2","","0",""
"30193","30","2","1","PROGRAMA DE INVERSIONES PARA MEJORA DEL SISTEMA DE AGUA, ALCANTARILLADO Y SANEAMIENTO","2",""
"30194","30","2","2","","0",""
"30195","30","2","2","","0",""
"30196","30","2","2","","0",""
"30197","30","2","2","","0",""
"30198","30","2","2","","0",""
"30199","30","2","2","","0",""
"30200","30","2","2","","0",""
"30201","30","2","1","PROGRAMA OPERATIVO ANUAL 2017","2",""
"30202","30","2","2","","0",""
"30203","30","1","2","","0",""
"30204","30","2","2","","0",""
"30205","30","2","2","","0",""
"30206","30","1","2","","0",""
"30207","30","1","2","","0",""
"30208","30","2","2","","0",""
"30209","30","2","2","","0",""
"30210","30","2","2","","0",""
"30211","30","2","2","","0",""
"30212","30","2","2","","0",""
"31001","31","1","2","","0",""
"31002","31","2","2","","0",""
"31003","31","2","2","","0",""
"31004","31","2","2","","0",""
"31005","31","2","2","","0",""
"31006","31","2","2","","2",""
"31007","31","2","2","","0",""
"31008","31","2","2","","0",""
"31009","31","2","2","","0",""
"31010","31","2","2","","0",""
"31011","31","2","2","","0",""
"31012","31","2","1","AMPLIACIÓN DE LA RED HIDRÁULICA DEL MUNICIPIO","2",""
"31013","31","2","2","","0",""
"31014","31","2","2","","0",""
"31015","31","2","2","","0",""
"31016","31","2","2","","0",""
"31017","31","2","2","","0",""
"31018","31","2","2","","0",""
"31019","31","1","1","CONSTRUCCIÓN DE POZOS","2",""
"31020","31","2","2","","0",""
"31021","31","2","1","INSTALACIÓN DE NUEVA BOMBA PARA CHICHIMILÁ","2",""
"31022","31","2","2","","0",""
"31023","31","2","2","","0",""
"31024","31","2","2","","0",""
"31025","31","2","2","","0",""
"31026","31","1","2","","0",""
"31027","31","2","2","","0",""
"31028","31","2","2","","0",""
"31029","31","2","2","","0",""
"31030","31","2","2","","0",""
"31031","31","2","2","","0",""
"31032","31","2","2","","0",""
"31033","31","2","2","","0",""
"31034","31","2","2","","0",""
"31035","31","2","2","","0",""
"31036","31","2","2","","0",""
"31037","31","2","2","","0",""
"31038","31","2","2","","0",""
"31039","31","2","2","","0",""
"31040","31","2","2","","0",""
"31041","31","1","1","AMPLIACIÓN Y CIERRE DEL CIRCUITO DE CABECERA MUNICIPAL Y COLONIAS.","2",""
"31042","31","2","2","","0",""
"31043","31","2","2","","0",""
"31044","31","2","2","","0",""
"31045","31","2","2","","0",""
"31046","31","2","2","","0",""
"31047","31","2","2","","0",""
"31048","31","2","2","","0",""
"31049","31","2","2","","0",""
"31050","31","2","2","","0",""
"31051","31","2","1","AMPLIACIÓN DE LA RED DE AGUA POTABLE","2",""
"31052","31","2","2","","0",""
"31053","31","2","2","","0",""
"31054","31","2","2","","0",""
"31055","31","2","2","","0",""
"31056","31","1","2","","0",""
"31057","31","2","2","","0",""
"31058","31","2","1","AGUA LIMPIA Y DE CALIDAD","2",""
"31059","31","2","2","","0",""
"31060","31","2","2","","0",""
"31061","31","2","2","","0",""
"31062","31","2","2","","0",""
"31063","31","2","2","","0",""
"31064","31","1","2","","0",""
"31065","31","1","2","","0",""
"31066","31","1","2","","0",""
"31067","31","2","1","MEJORAMIENTO DE LA RED DE AGUA POTABLE CON LA OBTENCIÓN DE UN CÁRCAMO","2",""
"31068","31","2","2","","0",""
"31069","31","2","2","","0",""
"31070","31","2","1","","0",""
"31071","31","2","2","","0",""
"31072","31","2","2","","0",""
"31073","31","2","2","","0",""
"31074","31","2","2","","0",""
"31075","31","1","2","","0",""
"31076","31","2","2","","0",""
"31077","31","2","2","","0",""
"31078","31","2","2","","0",""
"31079","31","2","2","","0",""
"31080","31","2","2","","0",""
"31081","31","2","2","","0",""
"31082","31","2","2","","0",""
"31083","31","2","2","","0",""
"31084","31","2","2","","0",""
"31085","31","1","2","","0",""
"31086","31","2","1","PLAN DE REHABILITACIÓN Y PLANEACIÓN DE AGUA POTABLE","2",""
"31087","31","2","2","","0",""
"31088","31","2","2","","0",""
"31089","31","2","2","","0",""
"31090","31","2","2","","0",""
"31091","31","2","2","","0",""
"31092","31","2","1","AMPLIACIÓN DE LA RED DE AGUA POTABLE","2",""
"31093","31","2","1","REHABILITACIÓN Y MEJORAMIENTO DEL SISTEMA DE AGUA POTABLE.","2",""
"31094","31","2","2","","0",""
"31095","31","2","2","","0",""
"31096","31","2","2","","0",""
"31097","31","2","2","","0",""
"31098","31","2","2","","0",""
"31099","31","2","2","","0",""
"31100","31","2","2","","0",""
"31101","31","2","2","","0",""
"31102","31","1","2","","2",""
"31103","31","2","1","PLAN DE DESARROLLO MUNICIPAL","2",""
"31104","31","2","2","","0",""
"31105","31","2","2","","0",""
"31106","31","2","2","","0",""
"32001","32","2","2","","0",""
"32002","32","2","2","","0",""
"32003","32","2","2","","0",""
"32004","32","2","2","","0",""
"32005","32","1","1","PLAN DE DESARROLLO INTEGRAL","2",""
"32006","32","1","1","PLANTA DE TRATAMIENTO DE AGUAS RESIDUALES PARA LA CABECERA MPAL.","2",""
"32007","32","2","2","","0",""
"32008","32","1","1","AGUA SIN ADEUDOS","2",""
"32009","32","2","2","","2",""
"32010","32","2","2","","0",""
"32011","32","2","2","","0",""
"32012","32","2","2","","0",""
"32013","32","2","2","","0",""
"32014","32","1","1","PLANTAS TRATADORAS DE AGUAS RESIDUALES EN COMUNIDADES","2",""
"32015","32","2","2","","0",""
"32016","32","2","2","","0",""
"32017","32","1","2","","0",""
"32018","32","2","2","","0",""
"32019","32","1","1","PLAN DE DESARROLLO MUNICIPAL","1","WWW.JALPA.GOB.MX"
"32020","32","1","2","","0",""
"32021","32","2","2","","0",""
"32022","32","2","2","","0",""
"32023","32","1","1","PLAN DE DESARROLLO DEL SOAPAJ 2017","2",""
"32024","32","1","1","PLAN MAESTRO HIDRO-SANITARIO","2",""
"32025","32","2","2","","0",""
"32026","32","2","2","","0",""
"32027","32","2","2","","0",""
"32028","32","2","2","","0",""
"32029","32","2","2","","2",""
"32030","32","2","2","","0",""
"32031","32","2","2","","0",""
"32032","32","1","2","","0",""
"32033","32","2","2","","0",""
"32034","32","1","2","","0",""
"32035","32","2","2","","0",""
"32036","32","2","2","","0",""
"32037","32","2","2","","2",""
"32038","32","1","2","","0",""
"32039","32","1","2","","2",""
"32040","32","2","2","","0",""
"32041","32","2","2","","0",""
"32042","32","2","2","","0",""
"32043","32","2","2","","0",""
"32044","32","1","2","","0",""
"32045","32","2","2","","0",""
"32046","32","2","2","","0",""
"32047","32","2","2","","0",""
"32048","32","2","2","","0",""
"32049","32","1","2","","0",""
"32050","32","1","2","","0",""
"32051","32","2","2","","0",""
"32052","32","2","2","","0",""
"32053","32","2","2","","2",""
"32054","32","2","2","","0",""
"32055","32","1","2","","0",""
"32056","32","1","2","","0",""
"32057","32","2","2","","0",""
"32058","32","2","2","","0",""
"4001","04","1","1","CONCIENTIZAR SOBRE EL CUIDADO DEL AGUA EN ESCUELAS","2",""
"4002","04","1","2","","0",""
"4003","04","1","2","","0",""
"4004","04","1","2","","0",""
"4005","04","1","2","","0",""
"4006","04","2","2","","0",""
"4007","04","2","2","","0",""
"4008","04","1","2","","0",""
"4009","04","1","1","PLAN DE REHABILITACIÓN DE LA RED HIDRÁULICA DEL MUNICIPIO DE ESCÁRCEGA.","2",""
"4010","04","1","2","","0",""
"4011","04","1","1","CAPACITACIÓN AMBIENTAL Y DESARROLLO SUSTENTABLE","2",""
"5001","05","2","2","","0",""
"5002","05","1","1","COMPLEMENTACIÓN DEL PLAN MAESTRO PARA LOS SERVICIOS DE AGUA POTABLE ALCANTARILLADO Y SANEAMIENTO","2",""
"5003","05","2","2","","0",""
"5004","05","2","2","","0",""
"5005","05","2","2","","0",""
"5006","05","2","2","","0",""
"5007","05","2","1","TANQUES DE ALMACENAMIENTO EN LA PARTE BAJA DEL MUNICIPIO","2",""
"5008","05","2","2","","0",""
"5009","05","2","2","","0",""
"5010","05","1","2","","0",""
"5011","05","2","2","","0",""
"5012","05","2","2","","0",""
"5013","05","2","2","","0",""
"5014","05","2","2","","0",""
"5015","05","2","1","PLAN DE DESARROLLO MUNICIPAL","1","HTTP://WWW.ICAI.ORG.MX:8282/IPO"
"5016","05","2","2","","0",""
"5017","05","2","2","","0",""
"5018","05","1","2","","0",""
"5019","05","2","2","","0",""
"5020","05","2","2","","0",""
"5021","05","1","2","","0",""
"5022","05","2","2","","0",""
"5023","05","2","2","","0",""
"5024","05","2","2","","0",""
"5025","05","1","1","MICROMEDICIÓN AL 100%","2",""
"5026","05","2","2","","0",""
"5027","05","2","2","","0",""
"5028","05","2","2","","0",""
"5029","05","2","2","","0",""
"5030","05","1","1","PLAN DIRECTOR DE AGUA POTABLE","1","AGUASDESALTILLO.COM"
"5031","05","1","2","","0",""
"5032","05","2","2","","0",""
"5033","05","2","2","","0",""
"5034","05","1","2","","0",""
"5035","05","1","1","AGUA PARA SIEMPRE","1","SIMASTORREON.GOB.MX"
"5036","05","2","2","","0",""
"5037","05","2","2","","0",""
"5038","05","2","2","","0",""
"6001","06","1","2","","0",""
"6002","06","2","1","PLAN ESTATAL DE DESARROLLO 2016 - 2021","1","www.colima-estado.gob.mx"
"6003","06","2","2","","0",""
"6004","06","1","2","","0",""
"6005","06","1","2","","0",""
"6006","06","1","2","","0",""
"6007","06","1","1","PLAN MUNICIPAL DE DESARROLLO","1","HTTP://WWW.MANZANILLO.GOB.MX/AYUNTAMIENTO/LEY_TRANSPARENCIA/A_21/5/4/2/2/2//DSZFMARS"
"6008","06","1","2","","0",""
"6009","06","1","2","","2",""
"6010","06","2","1","ESTATAL DE DESARROLLO 2016-2021","1","www.colima-estado.gob.mx"
"7001","07","2","2","","0",""
"7002","07","2","2","","0",""
"7003","07","2","2","","0",""
"7004","07","2","2","","0",""
"7005","07","2","2","","0",""
"7006","07","2","2","","0",""
"7007","07","2","2","","0",""
"7008","07","2","2","","0",""
"7009","07","2","2","","0",""
"7010","07","2","2","","2",""
"7011","07","2","2","","2",""
"7012","07","2","2","","0",""
"7013","07","2","2","","0",""
"7014","07","2","2","","0",""
"7015","07","2","2","","0",""
"7016","07","2","2","","0",""
"7017","07","2","2","","0",""
"7018","07","2","2","","0",""
"7019","07","2","2","","0",""
"7020","07","2","2","","0",""
"7021","07","2","2","","0",""
"7022","07","2","2","","0",""
"7023","07","0","0","","0",""
"7024","07","2","2","","0",""
"7025","07","2","2","","0",""
"7026","07","2","2","","0",""
"7027","07","2","2","","0",""
"7028","07","2","2","","0",""
"7029","07","2","1","PLAN DE DESARROLLO MUNICIPAL","1","WWW.CHICOASEN.GOB.MX"
"7030","07","2","2","","0",""
"7031","07","2","1","PLAN DE DESARROLLO MUNICIPAL","1","WWW.CHILON.GOB.MX"
"7032","07","1","1","CONCIENTIZACION DEL USO Y CUIDADO DEL AGUA","2",""
"7033","07","2","2","","0",""
"7034","07","2","2","","0",""
"7035","07","2","2","","0",""
"7036","07","2","2","","0",""
"7037","07","1","1","PROGRAMA OPERATIVO ANUAL","2",""
"7038","07","2","2","","0",""
"7039","07","2","2","","0",""
"7040","07","2","1","REHABILITACIÓN DE LA RED DEL SISTEMA DE AGUA POTABLE","1","WWW.HAYUNTAMIENTOHUIXTLA.COM.MX"
"7041","07","2","2","","0",""
"7042","07","2","2","","0",""
"7043","07","2","2","","0",""
"7044","07","2","2","","0",""
"7045","07","2","2","","0",""
"7046","07","2","2","","0",""
"7047","07","2","2","","0",""
"7048","07","2","2","","0",""
"7049","07","1","2","","0",""
"7050","07","2","2","","0",""
"7051","07","2","1","DISTRIBUCCION CORRECTA DE AGUA POTABLE","2",""
"7052","07","1","1","PROGRAMA DE DEVOLUCION DE DERECHOS","2",""
"7053","07","2","2","","0",""
"7054","07","2","2","","0",""
"7055","07","2","2","","0",""
"7056","07","2","2","","0",""
"7057","07","2","2","","2",""
"7058","07","2","2","","0",""
"7059","07","2","2","","0",""
"7060","07","2","2","","0",""
"7061","07","2","2","","0",""
"7062","07","2","2","","0",""
"7063","07","2","2","","0",""
"7064","07","2","2","","0",""
"7065","07","2","2","","0",""
"7066","07","2","2","","0",""
"7067","07","2","2","","0",""
"7068","07","2","2","","0",""
"7069","07","2","1","REHABILITACIÓN DE LA RED DEL SISTEMA DE AGUA POTABLE","2",""
"7070","07","2","2","","0",""
"7071","07","2","2","","2",""
"7072","07","2","2","","0",""
"7073","07","2","2","","0",""
"7074","07","2","2","","0",""
"7075","07","2","2","","0",""
"7076","07","2","2","","0",""
"7077","07","2","2","","0",""
"7078","07","2","2","","0",""
"7079","07","2","2","","0",""
"7080","07","2","2","","0",""
"7081","07","2","2","","0",""
"7082","07","2","2","","0",""
"7083","07","2","1","PLAN DE SEGURIDAD DEL SISTEMA DE ABASTECIMIENTO DE AGUA PARA LA CABECERA MUNICIPAL CHIAPAS MEXICO","2",""
"7084","07","2","2","","0",""
"7085","07","2","2","","0",""
"7086","07","2","2","","0",""
"7087","07","2","2","","0",""
"7088","07","2","2","","0",""
"7089","07","1","2","","0",""
"7090","07","2","2","","0",""
"7091","07","2","2","","0",""
"7092","07","2","2","","0",""
"7093","07","2","2","","0",""
"7094","07","1","2","","0",""
"7096","07","2","2","","0",""
"7097","07","2","2","","0",""
"7098","07","2","2","","0",""
"7099","07","2","2","","0",""
"7100","07","2","2","","0",""
"7101","07","1","1","PLAN MUNICIPAL DE DESARROLLO 2015-2018","1","HTTP://TUXTLA.GOB.MX/PLAN-MUNICIPAL-DE-DESARROLLO-2015-2018"
"7102","07","2","2","","0",""
"7103","07","2","1","PLAN DE SEGURIDAD DEL AGUA DE LA CABECERA MUNICIPAL DE TUZANTÁN,CHIAPAS,MEXICO.","2",""
"7104","07","2","2","","0",""
"7105","07","2","2","","0",""
"7106","07","2","2","","0",""
"7107","07","2","1","PLAN DE TRABAJO PARA LA PRESTACION DE SERVICIOS DEL SAPAM","2",""
"7108","07","2","1","PLAN DE DESARROLLO MUNICIPAL Y ESTATAL","2",""
"7109","07","2","2","","0",""
"7110","07","2","2","","0",""
"7111","07","2","2","","0",""
"7112","07","2","2","","0",""
"7113","07","2","2","","0",""
"7114","07","2","2","","0",""
"7115","07","2","2","","0",""
"7116","07","2","2","","0",""
"7117","07","2","2","","0",""
"7118","07","2","2","","0",""
"7119","07","2","2","","0",""
"8001","08","2","2","","0",""
"8002","08","2","2","","0",""
"8003","08","2","2","","0",""
"8004","08","2","2","","0",""
"8005","08","2","2","","0",""
"8006","08","2","2","","0",""
"8007","08","2","2","","0",""
"8008","08","2","2","","0",""
"8009","08","2","2","","0",""
"8010","08","2","2","","0",""
"8011","08","2","2","","0",""
"8012","08","2","2","","0",""
"8013","08","2","2","","0",""
"8014","08","2","2","","0",""
"8015","08","2","2","","0",""
"8016","08","2","2","","0",""
"8017","08","1","1","PLAN HIDIRICO NACIONAL","1","CONAGUA.COM.MX"
"8018","08","2","2","","0",""
"8019","08","2","2","","0",""
"8020","08","2","2","","0",""
"8021","08","2","2","","0",""
"8022","08","2","2","","0",""
"8023","08","2","2","","0",""
"8024","08","2","2","","0",""
"8025","08","2","2","","0",""
"8026","08","2","2","","0",""
"8027","08","2","2","","0",""
"8028","08","2","2","","0",""
"8029","08","2","2","","0",""
"8030","08","2","2","","0",""
"8031","08","2","2","","0",""
"8032","08","2","2","","0",""
"8033","08","2","2","","0",""
"8034","08","2","2","","0",""
"8035","08","2","2","","0",""
"8036","08","2","2","","0",""
"8037","08","1","1","PLAN MAESTRO DE AGUA Y SANEAMIENTO DE JUAREZ","1","WWW.JMASJUAREZ.GOB.MX"
"8038","08","2","2","","0",""
"8039","08","2","2","","0",""
"8040","08","1","1","SECTORIZACION","2",""
"8041","08","2","2","","0",""
"8042","08","2","2","","0",""
"8043","08","2","2","","0",""
"8044","08","2","2","","0",""
"8045","08","2","1","REHABILITACIÓN DEL SISTEMA HIDRÁULICO","2",""
"8046","08","2","2","","0",""
"8047","08","2","2","","0",""
"8048","08","2","2","","0",""
"8049","08","2","2","","0",""
"8050","08","2","2","","0",""
"8051","08","2","2","","0",""
"8052","08","2","2","","0",""
"8053","08","2","2","","0",""
"8054","08","2","2","","0",""
"8055","08","2","2","","0",""
"8056","08","2","2","","0",""
"8057","08","2","2","","0",""
"8058","08","2","2","","0",""
"8059","08","2","2","","0",""
"8060","08","2","2","","0",""
"8061","08","2","2","","0",""
"8062","08","2","2","","0",""
"8063","08","2","2","","0",""
"8064","08","2","2","","0",""
"8065","08","2","2","","0",""
"8066","08","2","2","","0",""
"8067","08","2","2","","0",""
"9002","09","1","1","PLAN AGUA PARA EL FUTURO CDMX","1","PAOT.ORG.MX/CENTRO/PROGRAMAS_A/2016/GOCDMX_17_10_16.PDF?=PO"
"9003","09","1","1","PLAN AGUA PARA EL FUTURO CDMX","1","PAOT.ORG.MX/CENTRO/PROGRAMAS_A/2016/GOCDMX_17_10_16.PDF?=PO"
"9004","09","1","1","PLAN AGUA PARA EL FUTURO CDMX","1","PAOT.ORG.MX/CENTRO/PROGRAMAS_A/2016/GOCDMX_17_16.PDF?B=PO"
"9005","09","1","1","PLAN AGUA PARA EL FUTURO CDMX","1","PAOT.ORG.MX/CENTRO/PROGRAMAS_A/2016/GOCDMX_17_10_16.PDF?B=PO"
"9006","09","1","1","PLAN AGUA PARA EL FUTURO CDMX","1","PAOT.ORG.MX/CENTRO/PROGRAMAS_A/2016/GOCDMX_17_10_16.PDF?B=PO"
"9007","09","1","1","PLAN AGUA PARA EL FUTURO CDMX","1","PAOT.ORG.MX\CENTRO\PROGRAMAS_A\2016\GOCDMX_17_10_16.PDF?B=PO"
"9008","09","1","1","PLAN AGUA PARA EL FUTURO CDMX","1","PAOT.ORG.MX/CENTRO/PROGRAMAS_A/2016/GOCDMX_17_10_16.PDF?B=PO"
"9009","09","1","1","PLAN AGUA PARA EL FUTURO CDMX","1","PAOT.ORG.MX/CENTRO/PROGRAMAS_A/2016/GOBCDMX_17_10_16.PDF?B=PO"
"9010","09","1","1","PLAN AGUA PARA EL FUTURO DE LA CIUDAD DE MÉXICO","1","PAOT.ORG.MX/CENTRO/PROGRAMAS_A/2016/GOCDMX_17_10_16.PDF?B=PO"
"9011","09","1","1","PLAN AGUA PARA EL FUTURO CDMX","1","PAOT.ORG.MX/CENTRO/PROGRAMAS_A/2016/GOCDMX_17_10_16.PDF?B=PO"
"9012","09","1","1","PLAN AGUA PARA EL FUTURO CDMX","1","PAOT.ORG.MX/CENTRO/PROGRAMAS_A/2016/GOCDMX_17_10_16.PDF?B=PO"
"9013","09","1","1","PLAN AGUA PARA EL FUTURO CDMX","1","PAOT.ORG.MX/CENTRO/PROGRAMAS_A/2016/GOCDMX_17_10_16.PDF?B=PO"
"9014","09","1","1","PLAN AGUA PARA EL FUTURO CDMX","1","PAOT.ORG.MX/CENTRO/PROGRAMAS_A/2016/GOCDMX_17_10_16.PDF?B=PO"
"9015","09","1","1","PLAN DE AGUA PARA EL FUTURO CDMX","1","PAOT.ORG.MX/CENTRO/PROGRAMAS_A/2016/GOCDMX_1710_16.PDF?B=PO"
"9016","09","1","1","PLAN AGUA PARA EL FUTURO DE LA CIUDAD DE MÉXICO","1","PAOT.ORG.MX/CENTRO/PROGRAMAS_A/2016/GOCDMX_17_10_16.PDF?B=PO"
"9017","09","1","1","PLAN AGUA PARA EL FUTURO CDMX","1","PAOT.ORG.MX/CENTRO/PROGRAMAS_A/2016/GOCDMX_17_10_16.PDF?B=PO"
